SNP	P
rs4805881	6.94489e-79
rs731839	2.05919e-78
rs8103728	5.025609999999998e-78
rs10422861	5.98151e-78
rs7256564	2.30169e-68
rs7250869	4.21632e-68
rs62102718	3.27019e-63
rs34590608	4.76697e-63
rs10418558	3.26264e-62
rs10415756	5.55589e-62
rs3786900	6.23881e-62
rs10405598	1.09512e-61
rs8182584	1.98922e-58
rs3786901	4.18486e-58
rs57457691	1.4843e-57
rs10403360	2.94118e-57
rs3786898	4.76604e-57
rs8107837	5.25367e-57
rs3786897	6.7267e-57
rs4805885	1.3547e-56
rs889139	2.42647e-56
rs4805878	4.48722e-56
rs8106165	5.0718e-56
rs8104606	5.994140000000001e-56
rs8109191	6.389710000000001e-56
rs889140	8.15789e-56
rs10406327	1.8983e-55
rs17760970	4.09242e-53
rs10413781	4.09821e-53
rs10407802	7.27811e-53
rs7248389	7.52479e-53
rs10413669	9.516060000000001e-53
rs10410805	1.22819e-52
rs10401477	1.30513e-52
rs4805891	5.433289999999999e-51
rs10402712	1.03903e-50
rs73927890	1.55244e-50
rs6510382	1.78974e-50
rs10417411	2.26454e-50
rs7249687	5.00234e-50
rs12460070	7.11421e-49
rs33823	9.41093e-49
rs11667352	1.42458e-48
rs889138	1.43738e-48
rs430752	3.36237e-48
rs4805898	4.47827e-48
rs113938803	4.83767e-48
rs33838	8.43893e-48
rs33824	1.00416e-47
rs3826904	1.04765e-47
rs13083375	1.33835e-46
rs13064760	1.33835e-46
rs11712037	3.27667e-46
rs35000407	3.64863e-46
rs11709077	6.50519e-46
rs2012444	6.8060000000000006e-46
rs4362488	1.0612e-45
rs4684847	1.06979e-45
rs71304101	1.14926e-45
rs7649970	1.5588e-45
rs1801282	1.76397e-45
rs527620413	1.95204e-45
rs11128603	2.70728e-45
rs7610055	2.8211000000000003e-45
rs13085211	2.83603e-45
rs2197423	3.35936e-45
rs2881654	3.3825199999999995e-45
rs7638903	3.66359e-45
rs4135250	4.26131e-45
rs1899951	4.27525e-45
rs17036160	4.28672e-45
rs4684848	5.10563e-45
rs7647481	5.32107e-45
rs17036342	5.91594e-45
rs1005729	8.46897e-45
rs17036326	1.02252e-44
rs1005730	1.0560800000000001e-44
rs17036328	1.35109e-44
rs6802898	1.36782e-44
rs10423247	1.45556e-44
rs8182579	4.35616e-44
rs748891192	9.06493e-43
rs33836	1.97252e-41
rs749170	6.4139e-41
rs646026	8.39282e-41
rs504366	1.17317e-40
rs7258937	1.28661e-40
rs2120825	2.31456e-40
rs2287821	5.49286e-40
rs56361048	1.10709e-39
rs153701	4.24334e-39
rs5802132	8.560079999999999e-39
rs9552494	1.46693e-38
rs9552495	1.58674e-38
rs2547227	2.02358e-38
rs33848	5.99708e-38
rs2881479	8.57762e-38
rs1998690	1.13229e-37
rs7139751	3.28981e-37
rs9580199	3.50649e-37
rs613813	3.98719e-37
rs77091279	1.75233e-36
rs73927875	1.80259e-36
rs500802	2.21972e-36
rs55933941	7.61039e-36
rs74958114	9.41471e-36
rs7995583	9.71479e-36
rs79789448	1.04082e-35
rs7258863	1.2937e-35
rs76690849	1.49446e-35
rs10500265	1.51254e-35
rs77710357	1.6192399999999998e-35
rs55889471	1.80335e-35
rs773041990	1.82582e-35
rs9550766	2.08721e-35
rs9552493	2.15105e-35
rs73588214	6.25773e-35
rs112101566	1.2459e-34
rs73584374	1.94687e-34
rs201050520	2.29526e-34
rs118005033	2.75618e-34
rs75396907	6.4496800000000006e-34
rs76738287	7.5946e-33
rs9552496	4.53786e-32
rs56399002	7.810490000000001e-32
rs61398534	9.38595e-32
rs767412095	9.52234e-32
rs111229823	9.86455e-32
rs17834084	1.1683699999999999e-31
rs3745968	1.29594e-31
rs545210244	1.33007e-31
rs16968119	1.49697e-31
rs60267674	1.58535e-31
rs76885489	1.82316e-31
rs77427037	1.91695e-31
rs17834095	2.1769e-31
rs16968199	2.19812e-31
rs73590212	2.34495e-31
rs17834067	2.57738e-31
rs17761054	2.6413199999999998e-31
rs17834037	3.4611099999999997e-31
rs3745970	3.54952e-31
rs75327242	3.75951e-31
rs78198054	4.38041e-31
rs17761012	5.07427e-31
rs79244995	5.33266e-31
rs55675469	5.33266e-31
rs17760934	5.5944e-31
rs76505814	5.7732e-31
rs17760994	5.9974699999999995e-31
rs17833959	6.54533e-31
rs111164038	7.39038e-31
rs17833923	7.58453e-31
rs78256840	8.65829e-31
rs536596366	9.21729e-31
rs77439760	1.00861e-30
rs146067299	1.03123e-30
rs74820380	1.04222e-30
rs2288469	1.21848e-30
rs2167330	4.48472e-30
rs10406288	4.87232e-30
rs10827614	5.49864e-30
rs1360736	6.20011e-30
rs11010551	6.22058e-30
rs76338273	7.578840000000002e-30
rs1451194	9.131520000000001e-30
rs3786918	9.69597e-30
rs77071903	9.7529e-30
rs1413611	1.15833e-29
rs73926538	1.2608100000000001e-29
rs10827615	1.2908300000000001e-29
rs2218848	1.88353e-29
rs10827616	1.9528800000000002e-29
rs74839964	2.5080400000000005e-29
rs74934316	2.59575e-29
rs73588216	2.79524e-29
rs10410721	3.63455e-29
rs3760889	5.020750000000001e-29
rs3786922	5.156430000000001e-29
rs79319553	5.30339e-29
rs76179687	6.77478e-29
rs79910652	7.439780000000001e-29
rs386808786	1.0058599999999999e-28
rs59043989	1.10563e-28
rs113992360	1.236e-28
rs79411140	1.83166e-28
rs3786921	2.12047e-28
rs756702315	2.14055e-28
rs78264101	2.20175e-28
rs75975049	2.23541e-28
rs770246753	4.7689400000000005e-28
rs73041147	9.02366e-28
rs3786913	1.05261e-27
rs55865721	5.87527e-27
rs56054308	9.14773e-27
rs73041146	1.49505e-26
rs73035067	1.88225e-26
rs73026242	2.78258e-26
rs9552497	4.72687e-26
rs73028280	9.52339e-26
rs4770198	1.00847e-25
rs12369443	1.84349e-25
rs66720652	3.66911e-25
rs9509853	4.44745e-25
rs9552499	5.27263e-25
rs9552498	1.11064e-24
rs895096	1.2572500000000002e-24
rs895095	1.2842100000000002e-24
rs17530508	2.69834e-24
rs2963468	2.9070300000000004e-24
rs35831009	3.55133e-24
rs9313781	3.61166e-24
rs62384990	4.07519e-24
rs111669928	4.3700700000000006e-24
rs4762753	4.48459e-24
rs2914231	5.29746e-24
rs6872354	6.45294e-24
rs2914228	6.5585300000000006e-24
rs2963470	8.17941e-24
rs1835014	8.3329e-24
rs112889011	8.9245e-24
rs1428442	9.7857e-24
rs111346021	1.12668e-23
rs2820465	1.3171600000000001e-23
rs7298820	1.54418e-23
rs1428443	1.92736e-23
rs7298924	2.01761e-23
rs61029460	2.10842e-23
rs7488772	3.24183e-23
rs7488780	4.48898e-23
rs1650527	5.77965e-23
rs73067286	5.97426e-23
rs1650548	6.391999999999999e-23
rs11045237	7.38474e-23
rs1651274	7.87065e-23
rs2791553	7.89235e-23
rs12031785	8.952180000000001e-23
rs11118320	9.56325e-23
rs748510	1.04543e-22
rs4323719	1.0493e-22
rs7764488	1.05627e-22
rs2494195	1.21842e-22
rs12044156	1.28308e-22
rs3777866	1.37353e-22
rs9321402	1.37363e-22
rs34950020	1.50128e-22
rs7516171	1.59884e-22
rs9552501	1.77152e-22
rs12143910	1.84693e-22
rs11045236	1.86897e-22
rs639095	1.87329e-22
rs11118319	1.97864e-22
rs9493627	2.09114e-22
rs9385649	2.19841e-22
rs6672377	2.25777e-22
rs12046972	2.30843e-22
rs11045235	2.53169e-22
rs635084	2.54654e-22
rs9373056	3.02127e-22
rs1022514	3.34585e-22
rs636374	4.20806e-22
rs6672768	4.35444e-22
rs1417066	4.51034e-22
rs17055818	4.99565e-22
rs718700	5.07568e-22
rs1023667	6.06768e-22
rs17055814	6.09479e-22
rs41355649	7.75363e-22
rs2785998	7.92651e-22
rs5781125	9.27175e-22
rs77423258	9.53327e-22
rs2820441	1.00916e-21
rs34340969	1.18229e-21
rs6674544	1.26467e-21
rs56195015	1.34916e-21
rs4846303	1.38533e-21
rs4846302	1.50515e-21
rs13343443	1.59427e-21
rs35662751	1.60265e-21
rs10425433	1.70201e-21
rs2820426	1.8655e-21
rs2791547	1.97688e-21
rs2791544	2.23339e-21
rs2914229	2.34512e-21
rs2914226	2.57776e-21
rs6669442	2.64993e-21
rs2901008	2.70573e-21
rs2066152	2.88934e-21
rs2963471	3.00686e-21
rs4846561	3.13428e-21
rs2061155	3.15137e-21
rs1415293	3.26791e-21
rs1538748	3.40281e-21
rs1538747	3.43722e-21
rs2914233	3.73783e-21
rs2066153	3.81181e-21
rs11715261	3.91468e-21
rs12130231	4.15465e-21
rs3001032	4.23556e-21
rs2963476	4.35221e-21
rs1337101	4.80861e-21
rs1030472	4.86686e-21
rs1428445	4.9172e-21
rs201769762	5.21156e-21
rs10841520	5.26512e-21
rs2914224	5.30943e-21
rs2914225	5.30943e-21
rs746659352	5.4750999999999986e-21
rs2963472	5.50377e-21
rs2963474	5.56266e-21
rs112965849	5.69179e-21
rs2820444	6.05216e-21
rs2963475	6.05825e-21
rs6541224	6.48196e-21
rs1428444	6.6894899999999986e-21
rs201413041	7.123949999999999e-21
rs58979703	8.52604e-21
rs11715234	8.67651e-21
rs2785988	8.767289999999999e-21
rs7416272	8.87616e-21
rs141519005	8.92754e-21
rs2884187	8.94604e-21
rs2785990	9.26876e-21
rs890945	9.37098e-21
rs10476255	1.0115599999999999e-20
rs6541225	1.0416699999999999e-20
rs1415287	1.0720599999999999e-20
rs1415288	1.0720599999999999e-20
rs2820468	1.1175899999999999e-20
rs2914221	1.1273599999999999e-20
rs749853052	1.1326599999999997e-20
rs12031603	1.1515599999999999e-20
rs12024489	1.1539599999999999e-20
rs6888349	1.1586199999999997e-20
rs72732548	1.18705e-20
rs12024459	1.2295e-20
rs12031608	1.2295e-20
rs12034686	1.24024e-20
rs55927885	1.2434699999999999e-20
rs34543525	1.2434699999999999e-20
rs6689184	1.2434699999999999e-20
rs6679784	1.2434699999999999e-20
rs6689031	1.2478599999999999e-20
rs6541223	1.2646699999999999e-20
rs6541228	1.2646699999999999e-20
rs12026434	1.2646699999999999e-20
rs12029812	1.2646699999999999e-20
rs6694509	1.2838099999999998e-20
rs72808428	1.2850699999999998e-20
rs35552008	1.2942599999999997e-20
rs10044492	1.30876e-20
rs12403367	1.3229099999999998e-20
rs11118306	1.3336799999999997e-20
rs6684169	1.3336799999999997e-20
rs6684734	1.3336799999999997e-20
rs11118307	1.3336799999999997e-20
rs61836180	1.3362299999999999e-20
rs12406980	1.3384199999999999e-20
rs11118305	1.3384199999999999e-20
rs6541227	1.3502799999999997e-20
rs2820443	1.35253e-20
rs12028276	1.3613599999999998e-20
rs143129361	1.36798e-20
rs7555150	1.42478e-20
rs6698475	1.42478e-20
rs6689021	1.42478e-20
rs6689100	1.42478e-20
rs6698625	1.42478e-20
rs2057044	1.49006e-20
rs2820446	1.5745099999999998e-20
rs10036930	1.5903399999999998e-20
rs11118310	1.6258799999999998e-20
rs17569	1.68645e-20
rs11118309	1.7004699999999998e-20
rs6686253	1.71027e-20
rs12025220	1.81481e-20
rs11118311	1.88176e-20
rs12025282	1.9281299999999998e-20
rs12025363	1.9281299999999998e-20
rs12402986	2.06933e-20
rs11135038	2.1489699999999998e-20
rs10495121	2.3066199999999998e-20
rs1651267	2.35359e-20
rs7546202	2.42329e-20
rs1650503	2.55812e-20
rs1650505	2.56903e-20
rs975630	2.71085e-20
rs12034272	2.7359199999999995e-20
rs1615199	2.79347e-20
rs1650531	2.8740499999999995e-20
rs1650502	2.89218e-20
rs1651266	2.99765e-20
rs1651268	3.0084199999999995e-20
rs9552503	3.01013e-20
rs1651270	3.0290299999999996e-20
rs890939	3.13629e-20
rs6671638	3.18699e-20
rs13436840	3.2477799999999996e-20
rs4846567	3.39948e-20
rs12030989	3.67124e-20
rs12131794	3.69933e-20
rs6681303	3.7374e-20
rs2434612	4.32222e-20
rs59584436	4.44154e-20
rs59770119	4.4622399999999995e-20
rs112648118	4.5045599999999995e-20
rs2494196	4.75765e-20
rs6699024	5.25273e-20
rs890943	5.478959999999999e-20
rs890944	5.478959999999999e-20
rs4846569	5.946929999999999e-20
rs765751	6.00035e-20
rs7538503	6.428700000000001e-20
rs55893113	6.46016e-20
rs1538742	6.860529999999999e-20
rs6693970	6.864539999999999e-20
rs799227	7.53383e-20
rs9509863	7.641429999999999e-20
rs890940	8.99037e-20
rs61627965	9.12012e-20
rs73927873	9.36552e-20
rs56360586	9.82334e-20
rs60199045	1.1791100000000001e-19
rs2485302	1.21322e-19
rs6510383	1.31635e-19
rs146400023	1.40459e-19
rs2820464	1.45414e-19
rs59339349	1.74624e-19
rs10078678	1.77127e-19
rs532542476	1.83856e-19
rs10074759	1.95851e-19
rs7715106	1.99019e-19
rs693944	1.99698e-19
rs28483178	2.05696e-19
rs10420551	2.0837800000000001e-19
rs7735800	2.0914000000000005e-19
rs73927852	2.12842e-19
rs549992091	2.13089e-19
rs3902972	2.13451e-19
rs7732691	2.1689e-19
rs113752630	2.19288e-19
rs59253852	2.28648e-19
rs9506731	2.41536e-19
rs17624389	2.42171e-19
rs6689370	2.54347e-19
rs6898196	2.55988e-19
rs6871959	2.9687000000000004e-19
rs2785980	3.2702800000000003e-19
rs7708604	3.37127e-19
rs6872907	3.44753e-19
rs2791549	3.83716e-19
rs1650507	3.841e-19
rs2820460	4.3163600000000003e-19
rs6694150	4.5556400000000015e-19
rs58928587	4.73529e-19
rs2820430	4.86854e-19
rs4500327	4.88741e-19
rs2605107	5.02302e-19
rs13354321	5.1059300000000005e-19
rs34058591	5.14804e-19
rs75362055	5.25848e-19
rs559230165	5.25942e-19
rs9509855	5.761290000000002e-19
rs17055847	5.853890000000002e-19
rs12610925	6.08096e-19
rs9431559	6.4114e-19
rs1563353	7.40624e-19
rs4846565	8.09618e-19
rs748273	8.16148e-19
rs10779358	8.65822e-19
rs12036836	9.14127e-19
rs10779357	9.37429e-19
rs1531096	9.70808e-19
rs2820449	1.09214e-18
rs1856293	1.1036e-18
rs2785984	1.1099300000000001e-18
rs5781116	1.1221100000000001e-18
rs2963466	1.1264700000000001e-18
rs78857931	1.13208e-18
rs1337098	1.1415100000000002e-18
rs1122080	1.2614e-18
rs199904900	1.2659200000000002e-18
rs4846564	1.3194800000000001e-18
rs9431171	1.3307900000000001e-18
rs2785986	1.36718e-18
rs1415290	1.41022e-18
rs1572505	1.4121300000000004e-18
rs2993027	1.4121300000000004e-18
rs2785985	1.4121300000000004e-18
rs1531097	1.5298900000000001e-18
rs2820427	1.5349100000000001e-18
rs2785981	1.5725e-18
rs2605100	1.6103300000000002e-18
rs78190323	1.6656300000000002e-18
rs531156	1.6684800000000003e-18
rs7250175	1.76388e-18
rs2605108	1.80706e-18
rs1531095	1.85334e-18
rs535647	1.8881900000000004e-18
rs2791552	1.92009e-18
rs1563350	1.92009e-18
rs1563351	1.92009e-18
rs2605109	1.92009e-18
rs1563355	1.9949e-18
rs580022	2.0003800000000007e-18
rs2445127	2.0238e-18
rs2486895	2.03872e-18
rs2791551	2.03872e-18
rs2791550	2.03872e-18
rs2605110	2.1049600000000002e-18
rs2605097	2.2575100000000002e-18
rs113400825	2.3088300000000004e-18
rs11010552	2.3406100000000002e-18
rs11616345	3.1242300000000007e-18
rs5781117	3.4069100000000005e-18
rs1563352	3.77308e-18
rs2605091	3.96096e-18
rs3786920	4.05789e-18
rs1340098	4.4616700000000015e-18
rs2605098	4.647810000000001e-18
rs777065571	4.7338400000000015e-18
rs480910	5.2614200000000014e-18
rs7257083	5.60036e-18
rs2605105	6.1433700000000015e-18
rs2605101	6.42514e-18
rs2605092	6.622940000000002e-18
rs9509858	6.922060000000001e-18
rs9552504	7.0361e-18
rs2605103	7.20665e-18
rs2605104	7.20665e-18
rs34927463	7.37966e-18
rs777255222	7.71502e-18
rs315635	8.802080000000001e-18
rs2605095	8.82481e-18
rs2605096	8.82481e-18
rs751273121	8.97727e-18
rs1982499	9.194750000000001e-18
rs2605093	9.334850000000001e-18
rs2605094	9.37583e-18
rs1531094	9.402850000000001e-18
rs2820436	9.466560000000001e-18
rs73927877	9.482650000000001e-18
rs315633	9.760580000000001e-18
rs2605102	9.76581e-18
rs7247614	9.94056e-18
rs17055653	1.04046e-17
rs2791546	1.13347e-17
rs2605106	1.14876e-17
rs7250833	1.18415e-17
rs140582693	1.18725e-17
rs73927879	1.19696e-17
rs73927850	1.33138e-17
rs57940491	1.34145e-17
rs11669387	1.36904e-17
rs10403561	1.39371e-17
rs73927882	1.40042e-17
rs73927884	1.40042e-17
rs57044223	1.40541e-17
rs111317273	1.41199e-17
rs10420339	1.68535e-17
rs3822939	1.78361e-17
rs11135037	1.79308e-17
rs1531093	1.82857e-17
rs10402145	2.11158e-17
rs75541809	2.14435e-17
rs10408013	2.17806e-17
rs10402950	2.24111e-17
rs540346	2.28102e-17
rs12034581	2.31896e-17
rs8101286	2.33382e-17
rs473055	2.36353e-17
rs547545	2.53632e-17
rs17833935	2.65691e-17
rs113129259	2.69659e-17
rs212776	2.85451e-17
rs874966	2.97415e-17
rs78283736	2.99422e-17
rs477094	3.01722e-17
rs17833971	3.14709e-17
rs212775	3.29562e-17
rs10411395	3.41004e-17
rs75796363	3.52526e-17
rs17833947	3.73639e-17
rs10050393	3.87277e-17
rs667890	3.8965e-17
rs7092191	3.93357e-17
rs34221005	4.2679e-17
rs17834073	4.2991e-17
rs7255408	4.70464e-17
rs1005731	5.5161e-17
rs10042492	5.85662e-17
rs75449530	5.87999e-17
rs62384972	5.9174e-17
rs10057332	6.01603e-17
rs501176	6.41472e-17
rs211443	6.90585e-17
rs211440	7.59095e-17
rs212772	7.85658e-17
rs6898621	7.92496e-17
rs112991143	8.09486e-17
rs56151930	8.3954e-17
rs6887247	8.62835e-17
rs1465573	9.65526e-17
rs625875	1.10752e-16
rs3859531	1.21988e-16
rs561355	1.39566e-16
rs148389913	1.45354e-16
rs10422643	1.46674e-16
rs10410463	1.49508e-16
rs10872407	1.50478e-16
rs212777	1.50733e-16
rs33827	1.53992e-16
rs7256257	1.60611e-16
rs6878978	1.62429e-16
rs10408139	1.73646e-16
rs55919639	1.7387e-16
rs2067819	2.03712e-16
rs17055783	2.13608e-16
rs10417565	2.1624e-16
rs10779360	2.20111e-16
rs211442	2.23733e-16
rs16968074	2.34152e-16
rs507449	2.40199e-16
rs111809322	2.4083e-16
rs147620092	2.50594e-16
rs10476259	2.51716e-16
rs2605111	2.60673e-16
rs28651277	2.85385e-16
rs212773	3.00605e-16
rs10425678	3.04967e-16
rs212771	3.33648e-16
rs7251706	3.36692e-16
rs1337102	3.46123e-16
rs2277083	3.47577e-16
rs7247929	3.63456e-16
rs34391126	3.73504e-16
rs12040264	3.77129e-16
rs211441	3.86263e-16
rs6913726	3.8891e-16
rs6879711	3.91195e-16
rs9313779	4.14405e-16
rs13358101	4.37837e-16
rs533729	4.58925e-16
rs10067080	4.72272e-16
rs598286	5.05646e-16
rs212774	5.1544e-16
rs544860014	6.29531e-16
rs139241791	7.91071e-16
rs212766	8.03387e-16
rs12518991	8.06901e-16
rs769257323	8.59244e-16
rs35240997	8.78775e-16
rs212765	8.89822e-16
rs33825	9.5167e-16
rs561826	1.02932e-15
rs12461525	1.12979e-15
rs10476260	1.13177e-15
rs74376820	1.19509e-15
rs1345756	1.20599e-15
rs7253204	1.23203e-15
rs9313777	1.2798e-15
rs28522278	1.37626e-15
rs35132399	1.378e-15
rs11880064	1.39812e-15
rs8107273	1.47727e-15
rs7255303	1.55989e-15
rs7257907	1.6171e-15
rs3826901	1.70868e-15
rs10423840	1.76788e-15
rs7248219	1.82911e-15
rs7258496	1.98774e-15
rs10423941	2.01153e-15
rs7254613	2.15136e-15
rs2896829	2.25109e-15
rs1107150	2.25585e-15
rs35208092	2.35055e-15
rs874810	2.38437e-15
rs1477337	2.39099e-15
rs667955	2.42096e-15
rs8113802	2.43661e-15
rs7256583	2.56902e-15
rs2241380	2.63234e-15
rs4362489	2.75368e-15
rs12133169	2.81642e-15
rs212763	2.8414e-15
rs10404501	2.86673e-15
rs6510386	2.86777e-15
rs212779	2.91113e-15
rs61285153	2.94961e-15
rs73024215	3.06321e-15
rs75983562	3.11377e-15
rs2561869	3.20546e-15
rs874639	3.90484e-15
rs6940510	4.04844e-15
rs874638	4.18059e-15
rs8113247	4.19546e-15
rs2335819	4.5556e-15
rs40500	5.02033e-15
rs598699	5.20668e-15
rs7247962	5.51514e-15
rs12530317	5.64612e-15
rs55947866	5.94249e-15
rs3777796	5.9742e-15
rs9402498	6.32639e-15
rs56377439	6.33735e-15
rs12192839	6.5867e-15
rs61946793	6.7765e-15
rs140184977	7.14128e-15
rs34914033	7.89571e-15
rs7247349	8.64575e-15
rs9817428	8.84194e-15
rs5872563	9.12073e-15
rs13095372	9.36294e-15
rs34295844	1.02315e-14
rs9389061	1.02756e-14
rs9375949	1.0367e-14
rs12636461	1.04369e-14
rs9402494	1.05067e-14
rs13076055	1.07751e-14
rs6795946	1.10615e-14
rs9385641	1.12407e-14
rs12580347	1.17017e-14
rs13061415	1.18737e-14
rs9385640	1.22787e-14
rs113458763	1.22966e-14
rs9389059	1.31344e-14
rs12210381	1.47008e-14
rs12211810	1.48266e-14
rs12204720	1.48266e-14
rs1451193	1.48444e-14
rs12461274	1.49944e-14
rs4684845	1.52221e-14
rs12631028	1.5446e-14
rs6785890	1.56067e-14
rs144261127	1.58481e-14
rs1451192	1.5943e-14
rs6809631	1.62177e-14
rs11716748	1.6462e-14
rs4362702	1.67919e-14
rs9373041	1.74025e-14
rs62428631	1.95296e-14
rs141429356	1.97666e-14
rs1832392	2.01606e-14
rs12190309	2.07828e-14
rs9402497	2.11211e-14
rs12634544	2.1456e-14
rs6768587	2.16852e-14
rs6808179	2.16852e-14
rs12189904	2.19801e-14
rs62386480	2.21419e-14
rs4684846	2.25381e-14
rs972341	2.25989e-14
rs56064330	2.33407e-14
rs1855557	2.6182e-14
rs12209060	2.65312e-14
rs7750279	2.75222e-14
rs12201411	2.82733e-14
rs12213280	2.84821e-14
rs16930370	2.88979e-14
rs17055976	2.92441e-14
rs9402493	2.97525e-14
rs9389060	2.98586e-14
rs12202747	3.0624e-14
rs12202653	3.0624e-14
rs62428565	3.17222e-14
rs12201315	3.17395e-14
rs10457602	3.18023e-14
rs10457603	3.18023e-14
rs10457604	3.18023e-14
rs12208638	3.1883e-14
rs12208475	3.19387e-14
rs12215649	3.19387e-14
rs12208582	3.19387e-14
rs10457600	3.19851e-14
rs10457003	3.19851e-14
rs12197573	3.19851e-14
rs3777785	3.25198e-14
rs11128596	3.45132e-14
rs202026990	3.48921e-14
rs11710969	3.53497e-14
rs12203865	3.53624e-14
rs12195462	3.55243e-14
rs6900934	3.55243e-14
rs200919305	3.55243e-14
rs12199138	3.5549e-14
rs7767651	3.60206e-14
rs33847	3.65191e-14
rs10872402	3.78486e-14
rs12193038	3.78486e-14
rs7770031	3.88482e-14
rs7750218	3.88482e-14
rs7750376	3.88482e-14
rs11128597	3.916e-14
rs6930324	3.92916e-14
rs7513749	3.98881e-14
rs10457601	4.00032e-14
rs74464144	4.00474e-14
rs12209385	4.02413e-14
rs9375942	4.03895e-14
rs9402488	4.06629e-14
rs9385635	4.08219e-14
rs12197255	4.08507e-14
rs12133396	4.0993e-14
rs12196256	4.10799e-14
rs28684849	4.12298e-14
rs12206438	4.13607e-14
rs12193158	4.13607e-14
rs12493718	4.15702e-14
rs75845749	4.16467e-14
rs74298536	4.17134e-14
rs77664693	4.17134e-14
rs12203712	4.25383e-14
rs77692843	4.29295e-14
rs12215217	4.29482e-14
rs9662802	4.30104e-14
rs77962041	4.30629e-14
rs6910042	4.34757e-14
rs2963479	4.36034e-14
rs2346795	4.37146e-14
rs9389053	4.37512e-14
rs957183	4.40537e-14
rs11118335	4.41428e-14
rs2180729	4.42065e-14
rs59793266	4.42481e-14
rs111376044	4.44064e-14
rs10746385	4.45382e-14
rs9385634	4.49442e-14
rs12213452	4.53591e-14
rs62428563	4.54284e-14
rs12213350	4.55545e-14
rs62428596	4.58959e-14
rs6913000	4.62068e-14
rs12210925	4.62068e-14
rs7749533	4.62068e-14
rs12495364	4.67477e-14
rs60290266	4.69827e-14
rs10510412	4.73814e-14
rs13433696	4.74524e-14
rs12636454	4.74524e-14
rs433294	4.75497e-14
rs10865711	4.76395e-14
rs17036242	4.77524e-14
rs9373038	4.83518e-14
rs11128599	4.87232e-14
rs4684101	4.87232e-14
rs12202540	4.89446e-14
rs9402487	4.90428e-14
rs9389052	4.91293e-14
rs79367994	4.9425e-14
rs2963469	5.12578e-14
rs59390337	5.1349e-14
rs57819653	5.1349e-14
rs11738644	5.1412e-14
rs3111141	5.18517e-14
rs6795085	5.23165e-14
rs12639094	5.234e-14
rs10510410	5.24052e-14
rs13097936	5.31165e-14
rs6768049	5.31165e-14
rs12629240	5.31165e-14
rs12629293	5.31165e-14
rs9310401	5.32555e-14
rs12496505	5.3457e-14
rs12487012	5.3457e-14
rs35917766	5.3457e-14
rs13070963	5.3457e-14
rs13090995	5.3457e-14
rs67654715	5.46793e-14
rs11715016	5.46793e-14
rs10865710	5.46793e-14
rs11128598	5.46793e-14
rs13095716	5.46793e-14
rs13073869	5.46793e-14
rs12211999	5.48198e-14
rs11715073	5.5099e-14
rs12154207	5.5748e-14
rs3848600	5.62096e-14
rs12639162	5.62932e-14
rs12200393	5.63118e-14
rs6569873	5.64451e-14
rs12213690	5.65916e-14
rs62428597	5.67802e-14
rs6776454	5.71081e-14
rs9375948	5.7917e-14
rs58010754	5.82138e-14
rs12191026	5.90213e-14
rs13065423	5.94666e-14
rs12631389	5.95257e-14
rs75166948	5.99024e-14
rs80069020	5.99024e-14
rs11118336	6.05999e-14
rs12190728	6.09819e-14
rs11154715	6.09819e-14
rs12199958	6.09819e-14
rs7746390	6.14175e-14
rs12199555	6.14175e-14
rs12196492	6.22944e-14
rs200053490	6.23473e-14
rs56153134	6.40838e-14
rs12629497	6.41509e-14
rs142721876	6.4603e-14
rs12210216	6.467e-14
rs9483554	6.54545e-14
rs10665975	6.57641e-14
rs6900277	6.89835e-14
rs4377259	6.91506e-14
rs12215534	6.93302e-14
rs62428629	7.25947e-14
rs751269945	7.30453e-14
rs77366227	7.33201e-14
rs10510411	7.36582e-14
rs9399054	7.52729e-14
rs1061338	7.66821e-14
rs12208899	8.13175e-14
rs3756871	8.16061e-14
rs3756872	8.16061e-14
rs10408375	8.205e-14
rs10406565	8.36076e-14
rs11878612	8.37541e-14
rs6902225	8.40667e-14
rs61699726	8.46494e-14
rs880663	8.64965e-14
rs6941949	8.87079e-14
rs2963431	8.96282e-14
rs12710011	9.06368e-14
rs545552072	9.12188e-14
rs12631322	9.13368e-14
rs2920504	9.26346e-14
rs62428628	9.408e-14
rs2920505	9.57289e-14
rs12459381	9.8449e-14
rs12204996	9.93318e-14
rs2241382	1.00666e-13
rs3756869	1.00918e-13
rs10416600	1.01718e-13
rs1832394	1.02704e-13
rs2208343	1.03489e-13
rs8113367	1.03509e-13
rs760313240	1.05029e-13
rs17570	1.05443e-13
rs8110070	1.06879e-13
rs3556	1.12002e-13
rs9389056	1.15328e-13
rs6786675	1.15881e-13
rs7756963	1.17071e-13
rs11128600	1.22959e-13
rs4145574	1.22959e-13
rs4145573	1.22959e-13
rs67100517	1.24791e-13
rs58102308	1.24791e-13
rs10775578	1.25835e-13
rs74280642	1.25932e-13
rs4289671	1.26007e-13
rs6805092	1.26697e-13
rs12209655	1.27095e-13
rs6913444	1.28522e-13
rs12496005	1.30079e-13
rs35541642	1.30523e-13
rs58910856	1.32189e-13
rs2960422	1.32356e-13
rs4531856	1.33103e-13
rs17299024	1.33273e-13
rs1075403	1.33474e-13
rs12608504	1.35592e-13
rs12196069	1.36157e-13
rs11720578	1.36509e-13
rs10424312	1.40091e-13
rs9493563	1.40459e-13
rs7258593	1.4054e-13
rs62430275	1.42433e-13
rs6932057	1.44886e-13
rs34430055	1.45074e-13
rs6417177	1.454e-13
rs9493535	1.45622e-13
rs10775579	1.47848e-13
rs113817202	1.51387e-13
rs56004388	1.51387e-13
rs59906034	1.51387e-13
rs35146940	1.51657e-13
rs35355828	1.52046e-13
rs11672697	1.52181e-13
rs1477336	1.55815e-13
rs6781687	1.58284e-13
rs6569869	1.58942e-13
rs6927764	1.61634e-13
rs8108999	1.6241e-13
rs10510417	1.63191e-13
rs71304098	1.6845e-13
rs66550663	1.68994e-13
rs34685612	1.69033e-13
rs877090	1.70366e-13
rs13088608	1.71113e-13
rs17036314	1.72072e-13
rs71304095	1.7343e-13
rs13088598	1.7384e-13
rs1122648	1.75392e-13
rs71304092	1.77062e-13
rs35316189	1.79374e-13
rs71304097	1.80203e-13
rs35877199	1.80203e-13
rs35057507	1.80203e-13
rs13067702	1.80203e-13
rs71304096	1.80873e-13
rs2963477	1.81639e-13
rs4073770	1.82915e-13
rs2791545	1.84477e-13
rs9876942	1.84924e-13
rs1469024	1.90469e-13
rs11128601	1.93041e-13
rs6771792	1.936e-13
rs34780220	1.93646e-13
rs9483560	1.97039e-13
rs7748926	1.97233e-13
rs13064273	1.97493e-13
rs35577339	1.9815e-13
rs12206291	1.99735e-13
rs11128602	2.02598e-13
rs143888770	2.04802e-13
rs13077227	2.05211e-13
rs13089415	2.06151e-13
rs146888519	2.08165e-13
rs35252428	2.09936e-13
rs4239576	2.11138e-13
rs78518024	2.11955e-13
rs28620929	2.13842e-13
rs9402489	2.18989e-13
rs6912995	2.19603e-13
rs7754501	2.21673e-13
rs71304093	2.22612e-13
rs181940904	2.24503e-13
rs13066157	2.27225e-13
rs7615580	2.273e-13
rs7756544	2.32273e-13
rs8109944	2.32659e-13
rs13071168	2.36209e-13
rs7247222	2.41364e-13
rs6907883	2.50835e-13
rs2028760	2.54692e-13
rs140373654	2.54695e-13
rs199775406	2.54695e-13
rs679825	2.64438e-13
rs1415858	2.6554e-13
rs9389058	2.65588e-13
rs11718525	2.65718e-13
rs2419911	2.68884e-13
rs13088452	2.71897e-13
rs9321393	2.73552e-13
rs7296705	2.73965e-13
rs9399053	2.79398e-13
rs71628735	2.88177e-13
rs7256111	2.91186e-13
rs11666808	2.96774e-13
rs2964484	3.09342e-13
rs650180	3.20742e-13
rs651196	3.24535e-13
rs651243	3.24535e-13
rs13066537	3.25854e-13
rs12356713	3.33527e-13
rs11719187	3.44555e-13
rs13064800	3.448e-13
rs11719186	3.46795e-13
rs71628736	3.52138e-13
rs571206	3.66674e-13
rs35220653	3.67728e-13
rs3786893	3.75712e-13
rs2434264	3.76194e-13
rs1562040	3.82356e-13
rs11719082	3.82581e-13
rs1651272	3.85101e-13
rs12520982	3.8629e-13
rs12214103	3.9608e-13
rs6442307	3.96227e-13
rs7327024	3.99792e-13
rs11709119	3.9993e-13
rs7647950	4.0122e-13
rs8111027	4.06961e-13
rs34881099	4.08906e-13
rs7325692	4.10223e-13
rs942031	4.10231e-13
rs942030	4.10231e-13
rs1596417	4.10517e-13
rs7628899	4.11386e-13
rs17036130	4.12123e-13
rs7319110	4.12874e-13
rs9316473	4.13767e-13
rs36086545	4.25801e-13
rs737251	4.27387e-13
rs34562457	4.31934e-13
rs1570407	4.34244e-13
rs113687137	4.34873e-13
rs61959936	4.3491e-13
rs13081389	4.35746e-13
rs11715886	4.40768e-13
rs737250	4.49721e-13
rs13079332	4.51784e-13
rs11715362	4.55802e-13
rs13070993	4.57448e-13
rs544668	4.59965e-13
rs4358505	4.60919e-13
rs9535296	4.69329e-13
rs6902347	4.71474e-13
rs71624931	4.71545e-13
rs1885539	4.72709e-13
rs34206487	4.77726e-13
rs9535297	4.7823e-13
rs2963463	4.82315e-13
rs79729061	4.82596e-13
rs34389637	4.8868e-13
rs890941	4.92828e-13
rs59306735	4.96912e-13
rs61959934	4.98274e-13
rs9375943	4.99388e-13
rs3885307	5.00105e-13
rs9568303	5.00304e-13
rs9568304	5.00304e-13
rs7754486	5.0259e-13
rs13169551	5.03566e-13
rs9535299	5.08442e-13
rs6935390	5.08565e-13
rs6561551	5.09433e-13
rs4895952	5.18088e-13
rs727682	5.25902e-13
rs2963462	5.36136e-13
rs78934949	5.37962e-13
rs58683249	5.4281e-13
rs79602905	5.55501e-13
rs796752765	5.55542e-13
rs10485235	5.56912e-13
rs71304088	5.58573e-13
rs9568305	5.59292e-13
rs4257872	5.6095e-13
rs2820439	5.75717e-13
rs35551471	5.79063e-13
rs2119812	5.81281e-13
rs10686842	6.0133e-13
rs58325618	6.03593e-13
rs7746298	6.04851e-13
rs11422419	6.12378e-13
rs6146484	6.16698e-13
rs890942	6.2023e-13
rs4488811	6.21195e-13
rs34446428	6.24183e-13
rs71304090	6.24276e-13
rs71304089	6.24945e-13
rs73813125	6.2585e-13
rs112560967	6.33508e-13
rs113205156	6.33508e-13
rs1587385	6.37027e-13
rs6935677	6.40023e-13
rs6768568	6.45631e-13
rs6792867	6.45631e-13
rs7652520	6.51158e-13
rs9385637	6.55538e-13
rs71622251	6.76443e-13
rs546522624	6.77562e-13
rs11708978	6.8853e-13
rs35522627	6.8853e-13
rs12210093	6.90892e-13
rs11395507	6.91355e-13
rs10433537	6.93569e-13
rs34033377	6.95517e-13
rs62430561	6.96238e-13
rs1878934	7.01907e-13
rs35755014	7.04415e-13
rs7629805	7.11217e-13
rs71622253	7.25084e-13
rs71622254	7.25084e-13
rs34436550	7.25084e-13
rs35434485	7.25084e-13
rs34845688	7.25084e-13
rs34407374	7.25084e-13
rs13170876	7.25084e-13
rs6890882	7.25084e-13
rs6890502	7.25084e-13
rs34550243	7.34355e-13
rs9535292	7.37002e-13
rs13169383	7.37845e-13
rs11721223	7.3963e-13
rs1317415	7.47533e-13
rs35059781	7.59462e-13
rs10638274	7.81348e-13
rs1867012	7.94381e-13
rs1105797	8.06164e-13
rs561770008	8.06587e-13
rs33850	8.0982e-13
rs1039247	8.16161e-13
rs79426325	8.18077e-13
rs10462916	8.21256e-13
rs9389051	8.55008e-13
rs746068	8.68568e-13
rs947509	8.73739e-13
rs34346963	9.06148e-13
rs11154730	9.1175e-13
rs6915521	9.52461e-13
rs12192750	9.57524e-13
rs35811819	9.63102e-13
rs7615916	9.78022e-13
rs6798755	9.82679e-13
rs7773069	1.00998e-12
rs6767059	1.02981e-12
rs10510409	1.03296e-12
rs7745056	1.04805e-12
rs13189804	1.0871e-12
rs1105796	1.11614e-12
rs12199972	1.13107e-12
rs745098	1.15166e-12
rs9791374	1.1552e-12
rs116219174	1.16322e-12
rs9402483	1.16414e-12
rs5880152	1.16659e-12
rs62428455	1.16942e-12
rs62428458	1.21946e-12
rs2030150	1.22558e-12
rs4895949	1.23274e-12
rs9375941	1.26272e-12
rs975225	1.27591e-12
rs7763647	1.28785e-12
rs113848315	1.35953e-12
rs536849336	1.38632e-12
rs6908361	1.39335e-12
rs12973608	1.42252e-12
rs1418702	1.42601e-12
rs12197849	1.43212e-12
rs12980403	1.43229e-12
rs11154708	1.44155e-12
rs9399052	1.47286e-12
rs9402486	1.48572e-12
rs2138157	1.50687e-12
rs780804196	1.51701e-12
rs10475661	1.52704e-12
rs11086102	1.53089e-12
rs9402484	1.55483e-12
rs6929944	1.60373e-12
rs12610373	1.62432e-12
rs564370182	1.62576e-12
rs3856806	1.64101e-12
rs62428443	1.65741e-12
rs6569863	1.67096e-12
rs147433183	1.70579e-12
rs12194836	1.73482e-12
rs9402485	1.77656e-12
rs9493554	1.79281e-12
rs7761372	1.79869e-12
rs10406080	1.81195e-12
rs12199738	1.81736e-12
rs62428456	1.84196e-12
rs33842	1.87275e-12
rs7752905	1.96206e-12
rs10841521	1.98585e-12
rs7766470	2.02597e-12
rs57161827	2.08151e-12
rs13171759	2.11555e-12
rs35800243	2.14593e-12
rs199699318	2.14613e-12
rs34219462	2.1583e-12
rs6478957	2.25519e-12
rs111598124	2.25566e-12
rs150885211	2.25635e-12
rs2964494	2.26018e-12
rs7738592	2.27833e-12
rs12192605	2.41541e-12
rs9375940	2.43296e-12
rs947510	2.4625e-12
rs11678046	2.46444e-12
rs17036101	2.50969e-12
rs13190165	2.5382e-12
rs9483557	2.54273e-12
rs10457002	2.54746e-12
rs2946175	2.5532e-12
rs35219672	2.57691e-12
rs6911954	2.63336e-12
rs9493540	2.63595e-12
rs13189849	2.70011e-12
rs2946174	2.80425e-12
rs6885921	2.8409e-12
rs780445148	2.86971e-12
rs7870070	3.04314e-12
rs6415851	3.13993e-12
rs7858824	3.23362e-12
rs3777799	3.25773e-12
rs4837488	3.25974e-12
rs4837489	3.25974e-12
rs33840	3.26059e-12
rs67205506	3.45467e-12
rs67817891	3.45467e-12
rs68101867	3.45467e-12
rs35096482	3.47254e-12
rs35283845	3.47254e-12
rs57112266	3.47254e-12
rs13177007	3.47254e-12
rs35094860	3.47955e-12
rs2943647	3.48673e-12
rs34587017	3.49014e-12
rs66941667	3.49014e-12
rs34659609	3.49014e-12
rs947508	3.49064e-12
rs2972145	3.49634e-12
rs13159368	3.54071e-12
rs57102829	3.54754e-12
rs7868572	3.56287e-12
rs2943648	3.59677e-12
rs143378550	3.62397e-12
rs9299329	3.6554e-12
rs9389062	3.65551e-12
rs2943645	3.65749e-12
rs34064466	3.73765e-12
rs67723115	3.73838e-12
rs13178623	3.73838e-12
rs2972146	3.74933e-12
rs2943654	3.77964e-12
rs12748401	3.7921e-12
rs7258031	3.83415e-12
rs13190185	3.87225e-12
rs2972147	3.90221e-12
rs6478958	3.91827e-12
rs2943646	4.00395e-12
rs764343901	4.06667e-12
rs2943652	4.07125e-12
rs2972144	4.25289e-12
rs1024137	4.37862e-12
rs2176040	4.42115e-12
rs2946160	4.50132e-12
rs9493544	4.61803e-12
rs7767378	4.63036e-12
rs4808779	4.67318e-12
rs56256300	4.72691e-12
rs2972138	4.80327e-12
rs2972143	4.84436e-12
rs1856291	4.84516e-12
rs2943641	4.89404e-12
rs2972137	4.93723e-12
rs2972135	4.94764e-12
rs62428599	4.97015e-12
rs908611	5.0257e-12
rs4770196	5.04687e-12
rs2972136	5.06819e-12
rs1913657	5.07057e-12
rs2138161	5.11502e-12
rs2222018	5.29393e-12
rs2203452	5.3248e-12
rs1984669	5.43459e-12
rs1317424	5.45991e-12
rs2943650	5.52268e-12
rs9483535	5.69357e-12
rs6862472	5.7638e-12
rs7043286	5.81265e-12
rs1399627	5.91763e-12
rs13212719	5.91797e-12
rs10457599	6.11772e-12
rs17704977	6.25787e-12
rs970916	6.34011e-12
rs10457001	6.36293e-12
rs2964487	6.40323e-12
rs4640903	6.42996e-12
rs1418194	6.76818e-12
rs2946171	6.85769e-12
rs7705525	6.90751e-12
rs6556358	6.98178e-12
rs562022180	7.20011e-12
rs778380010	7.20268e-12
rs2963455	7.35029e-12
rs56032040	7.35852e-12
rs4461617	7.6918e-12
rs4837490	7.78675e-12
rs6881996	7.8613e-12
rs7766945	7.87159e-12
rs6881817	7.92936e-12
rs1560043	8.01495e-12
rs2972140	8.02114e-12
rs200847151	8.02755e-12
rs6939899	8.06241e-12
rs12191572	8.20343e-12
rs2900287	8.29996e-12
rs6510381	8.3346e-12
rs2946169	8.33709e-12
rs2964488	8.33709e-12
rs13010378	8.36744e-12
rs2946168	8.59562e-12
rs62430584	8.74381e-12
rs1557124	9.05424e-12
rs7527633	9.07803e-12
rs2946167	9.15012e-12
rs10653909	9.18064e-12
rs62430582	9.18255e-12
rs78660602	9.20707e-12
rs35421731	9.35241e-12
rs28538690	9.38138e-12
rs12192002	9.48138e-12
rs6936410	9.59733e-12
rs6937029	9.59733e-12
rs271172	9.6368e-12
rs1878935	9.74779e-12
rs549664375	9.84814e-12
rs7740263	9.85752e-12
rs2964489	9.86275e-12
rs58835706	1.01983e-11
rs6569865	1.04495e-11
rs9483529	1.06074e-11
rs9483530	1.07528e-11
rs2963434	1.08477e-11
rs36181263	1.09389e-11
rs7756171	1.09832e-11
rs2963433	1.1035e-11
rs1878936	1.11124e-11
rs7701375	1.11358e-11
rs9493518	1.122e-11
rs12202394	1.12465e-11
rs2943640	1.1328e-11
rs2943649	1.14391e-11
rs2162858	1.16394e-11
rs9493517	1.16749e-11
rs60933911	1.16992e-11
rs7738156	1.17267e-11
rs12197909	1.17779e-11
rs9493515	1.18166e-11
rs6935070	1.1884e-11
rs6935480	1.1884e-11
rs377025877	1.20035e-11
rs1515104	1.20594e-11
rs6940959	1.22609e-11
rs6561552	1.24016e-11
rs2914220	1.2404e-11
rs2011426	1.24691e-11
rs4837486	1.24692e-11
rs1517397	1.26768e-11
rs2963456	1.29094e-11
rs2946173	1.29293e-11
rs12212715	1.30754e-11
rs2914223	1.32909e-11
rs2972156	1.36056e-11
rs4077767	1.36096e-11
rs2963480	1.36454e-11
rs113832271	1.37177e-11
rs640031	1.37713e-11
rs2963478	1.40184e-11
rs1885724	1.42346e-11
rs4571580	1.42964e-11
rs2943635	1.43962e-11
rs11385230	1.45754e-11
rs28403922	1.45789e-11
rs1023666	1.46148e-11
rs6933214	1.46217e-11
rs12205139	1.48596e-11
rs2914222	1.49123e-11
rs12213877	1.49637e-11
rs7740210	1.49662e-11
rs2964491	1.50869e-11
rs633352	1.54685e-11
rs2419918	1.56232e-11
rs5839144	1.60857e-11
rs2964490	1.6184e-11
rs9321388	1.62128e-11
rs9321389	1.62128e-11
rs73116951	1.63887e-11
rs2964492	1.64335e-11
rs62430562	1.65757e-11
rs12527527	1.66396e-11
rs13174953	1.7043e-11
rs445979	1.7478e-11
rs2146143	1.78816e-11
rs2964481	1.80073e-11
rs2946156	1.8158e-11
rs271171	1.84368e-11
rs373884	1.87166e-11
rs2946179	1.89126e-11
rs7729301	1.95258e-11
rs253678	1.95338e-11
rs4285336	1.95949e-11
rs12428839	1.96378e-11
rs200401646	2.00417e-11
rs536310107	2.04034e-11
rs553124417	2.04034e-11
rs573002558	2.04034e-11
rs545005003	2.04034e-11
rs13170533	2.04889e-11
rs4273707	2.0713e-11
rs6931767	2.10141e-11
rs3012469	2.10157e-11
rs6669360	2.15054e-11
rs2963482	2.17761e-11
rs17242333	2.28439e-11
rs6561550	2.34218e-11
rs3012468	2.35543e-11
rs1336526	2.39362e-11
rs17301712	2.39411e-11
rs2943632	2.42392e-11
rs6932084	2.44072e-11
rs1459239	2.47494e-11
rs62430323	2.4815e-11
rs4273708	2.4962e-11
rs9483524	2.52446e-11
rs9493513	2.54407e-11
rs11754045	2.56287e-11
rs1962598	2.56466e-11
rs13174955	2.5799e-11
rs17302366	2.61289e-11
rs2943651	2.64713e-11
rs62428662	2.6999e-11
rs11045241	2.70862e-11
rs1336525	2.73835e-11
rs2964498	2.76493e-11
rs1814195	2.77212e-11
rs1015726	2.78035e-11
rs2964497	2.80749e-11
rs2963453	2.80749e-11
rs68021023	2.81178e-11
rs3092788	2.8202e-11
rs13175238	2.82747e-11
rs2963451	2.84024e-11
rs2964500	2.84024e-11
rs2964501	2.84024e-11
rs2964502	2.84024e-11
rs2946163	2.84786e-11
rs296414	2.86001e-11
rs3091459	2.87002e-11
rs2785238	2.87134e-11
rs2972152	2.90783e-11
rs17302199	2.9114e-11
rs10819631	2.94686e-11
rs11118304	2.97616e-11
rs10819632	2.98566e-11
rs6541229	2.98835e-11
rs10819630	2.98914e-11
rs2972153	3.00575e-11
rs1515098	3.00688e-11
rs2972155	3.01566e-11
rs2903940	3.0691e-11
rs1336524	3.07357e-11
rs62036622	3.07877e-11
rs55977000	3.16959e-11
rs62036613	3.18066e-11
rs2943653	3.21923e-11
rs2926351	3.2294e-11
rs2963445	3.24164e-11
rs4895953	3.24188e-11
rs4239647	3.24237e-11
rs12525252	3.30472e-11
rs12026348	3.33242e-11
rs12524730	3.34282e-11
rs72793812	3.36115e-11
rs72993929	3.3909e-11
rs57371317	3.41134e-11
rs2964499	3.41134e-11
rs2964503	3.41134e-11
rs2946162	3.41134e-11
rs2963449	3.42043e-11
rs2964496	3.45499e-11
rs296417	3.48942e-11
rs3934712	3.50431e-11
rs6927627	3.512e-11
rs942032	3.52259e-11
rs7716662	3.52819e-11
rs7735131	3.52819e-11
rs2946164	3.56645e-11
rs62428661	3.56741e-11
rs10658897	3.58644e-11
rs9493516	3.64399e-11
rs62188784	3.64956e-11
rs11118308	3.66146e-11
rs17528752	3.70558e-11
rs7454561	3.7156e-11
rs62036616	3.71723e-11
rs3091926	3.78128e-11
rs2176042	3.79797e-11
rs6094613	3.80485e-11
rs3012472	3.90063e-11
rs62036623	3.96536e-11
rs33835	3.98613e-11
rs17242410	3.98677e-11
rs17242466	3.99644e-11
rs3092781	4.00637e-11
rs114562459	4.01105e-11
rs201810030	4.01105e-11
rs62036614	4.12357e-11
rs113029997	4.13627e-11
rs17301754	4.16888e-11
rs35666081	4.19247e-11
rs17301872	4.27451e-11
rs17301942	4.27451e-11
rs11860513	4.29138e-11
rs2008514	4.29138e-11
rs1987472	4.29138e-11
rs1987471	4.31522e-11
rs4451951	4.38301e-11
rs17301914	4.4163e-11
rs2210891	4.44174e-11
rs7048667	4.49286e-11
rs2407797	4.53236e-11
rs62036621	4.54964e-11
rs72793818	4.55145e-11
rs7976853	4.58043e-11
rs62036617	4.58856e-11
rs62036618	4.58856e-11
rs62036620	4.63346e-11
rs78613234	4.64225e-11
rs62036624	4.64225e-11
rs6679091	4.68411e-11
rs33846	4.68543e-11
rs72793809	4.69218e-11
rs2073170	4.69438e-11
rs10848835	4.69962e-11
rs7979282	4.70554e-11
rs187668816	4.72073e-11
rs72793811	4.73622e-11
rs753578100	4.74766e-11
rs113652208	4.82596e-11
rs8001567	4.83897e-11
rs153702	4.84681e-11
rs9679828	4.88495e-11
rs12325014	4.8916e-11
rs11743708	4.90687e-11
rs4788095	4.90754e-11
rs11863370	4.91726e-11
rs10510419	4.92876e-11
rs6809832	4.94365e-11
rs4809627	4.94642e-11
rs12126911	4.97833e-11
rs3092171	4.99264e-11
rs13388242	5.00047e-11
rs62430320	5.00261e-11
rs36026897	5.01738e-11
rs6569866	5.03243e-11
rs9493514	5.03243e-11
rs56186137	5.0364e-11
rs11084731	5.04949e-11
rs2419909	5.06081e-11
rs10848834	5.07343e-11
rs3782812	5.12825e-11
rs11118316	5.13064e-11
rs11430699	5.13103e-11
rs9493589	5.22628e-11
rs9526590	5.23964e-11
rs149601295	5.25154e-11
rs17301622	5.28539e-11
rs6018307	5.3995e-11
rs62036658	5.40679e-11
rs142399759	5.41627e-11
rs12525309	5.4388e-11
rs3012467	5.45886e-11
rs1412956	5.47928e-11
rs77572543	5.48229e-11
rs75826800	5.48547e-11
rs72557636	5.5026e-11
rs113079736	5.57826e-11
rs4077768	5.60445e-11
rs2943634	5.73814e-11
rs1206825	5.75837e-11
rs8049439	5.76961e-11
rs9535287	5.82994e-11
rs12193118	5.84462e-11
rs10435905	5.88595e-11
rs253677	5.91964e-11
rs3012464	5.92848e-11
rs6066121	5.9561e-11
rs142769911	5.99711e-11
rs1122249	6.07306e-11
rs12443881	6.08889e-11
rs12039006	6.10615e-11
rs12481408	6.12905e-11
rs11645143	6.13499e-11
rs147684209	6.14466e-11
rs1650504	6.15013e-11
rs11757185	6.21216e-11
rs7187333	6.25495e-11
rs2926345	6.27072e-11
rs1114622	6.30566e-11
rs9657643	6.31716e-11
rs7498665	6.34404e-11
rs2032021	6.37244e-11
rs12325278	6.44765e-11
rs1105402	6.5267e-11
rs12030393	6.57305e-11
rs11062587	6.57822e-11
rs12480223	6.59733e-11
rs12119979	6.61543e-11
rs62120440	6.63022e-11
rs12325113	6.66269e-11
rs3092783	6.70846e-11
rs4788100	6.79761e-11
rs12983444	6.89526e-11
rs4534971	6.92648e-11
rs1338219	6.9351e-11
rs55719896	7.10276e-11
rs55830740	7.15726e-11
rs56404918	7.18609e-11
rs74713683	7.19154e-11
rs13405357	7.23593e-11
rs12444171	7.28075e-11
rs7205323	7.30876e-11
rs9972693	7.3413e-11
rs9972768	7.3413e-11
rs72793815	7.3413e-11
rs2061154	7.36491e-11
rs3782809	7.37939e-11
rs1412957	7.38817e-11
rs36083960	7.39483e-11
rs403364	7.44454e-11
rs11062585	7.50628e-11
rs62036657	7.60912e-11
rs28403629	7.61877e-11
rs61737565	7.61877e-11
rs4788099	7.61877e-11
rs55991577	7.62634e-11
rs56358680	7.62634e-11
rs62036626	7.62634e-11
rs12045024	7.64279e-11
rs12198619	7.64432e-11
rs6561553	7.68303e-11
rs12027371	7.70582e-11
rs76345369	7.72019e-11
rs2920502	7.7209e-11
rs7359397	7.7345e-11
rs62037366	7.79118e-11
rs7499337	7.79118e-11
rs773513666	7.80828e-11
rs1072759	7.8917e-11
rs67901221	7.89673e-11
rs62037363	7.89774e-11
rs6658668	7.94727e-11
rs141727232	8.04261e-11
rs7870172	8.06114e-11
rs201017113	8.13954e-11
rs9399055	8.17104e-11
rs59857114	8.17944e-11
rs76306970	8.22477e-11
rs532465943	8.22996e-11
rs62037369	8.28332e-11
rs148099387	8.42731e-11
rs12446589	8.4627e-11
rs3092020	8.4787e-11
rs386706046	8.54608e-11
rs2926350	8.55579e-11
rs3091590	8.657e-11
rs113911330	8.66317e-11
rs4788101	8.66617e-11
rs271167	8.69935e-11
rs271168	8.7073e-11
rs11615232	8.7182e-11
rs3091956	8.77231e-11
rs3092005	8.79572e-11
rs11135036	8.90353e-11
rs3782800	8.91196e-11
rs6018306	8.94716e-11
rs7870567	8.95911e-11
rs3091594	8.99546e-11
rs7198606	9.06676e-11
rs11864750	9.06676e-11
rs7193733	9.06676e-11
rs10053589	9.08086e-11
rs3825355	9.08465e-11
rs11150609	9.09779e-11
rs11861132	9.09779e-11
rs11861174	9.09779e-11
rs6565229	9.09779e-11
rs385727	9.12814e-11
rs4788102	9.1479e-11
rs11859512	9.15351e-11
rs66590855	9.16173e-11
rs76065061	9.19643e-11
rs2946165	9.207e-11
rs62037365	9.23215e-11
rs3091675	9.23236e-11
rs271166	9.23338e-11
rs8055982	9.25914e-11
rs2210890	9.26895e-11
rs9389064	9.27225e-11
rs34207596	9.36384e-11
rs1538749	9.38616e-11
rs3825352	9.40348e-11
rs6671555	9.4167e-11
rs11864107	9.474e-11
rs56040780	9.48908e-11
rs3012474	9.50119e-11
rs7498603	9.57492e-11
rs62037367	9.58191e-11
rs1008029	9.6814e-11
rs1978239	9.7049e-11
rs4135263	9.7323e-11
rs769854901	9.78559e-11
rs952227	9.80957e-11
rs153508	9.84228e-11
rs3088215	9.84848e-11
rs6487089	9.86037e-11
rs35028401	9.92674e-11
rs3825354	9.97112e-11
rs4623705	9.99833e-11
rs6802327	1.00671e-10
rs3091782	1.01064e-10
rs3888190	1.02102e-10
rs62037371	1.02102e-10
rs3012462	1.02241e-10
rs6124953	1.02874e-10
rs33845	1.03007e-10
rs2963458	1.03356e-10
rs5816477	1.03548e-10
rs59549880	1.0372e-10
rs9373043	1.03869e-10
rs7187776	1.04543e-10
rs9535340	1.05242e-10
rs6018311	1.07546e-10
rs17817469	1.07759e-10
rs142771488	1.08644e-10
rs1340097	1.11245e-10
rs61907483	1.11631e-10
rs11280762	1.13655e-10
rs78338058	1.14053e-10
rs3012473	1.14089e-10
rs62430581	1.1491e-10
rs111690290	1.15399e-10
rs12022722	1.15763e-10
rs2964485	1.15823e-10
rs6018291	1.15925e-10
rs8062405	1.16864e-10
rs76643909	1.17073e-10
rs6018185	1.17547e-10
rs28763893	1.18684e-10
rs77737253	1.23602e-10
rs1650506	1.23902e-10
rs79390028	1.26434e-10
rs6063077	1.26688e-10
rs4895376	1.27143e-10
rs3091569	1.28307e-10
rs7304841	1.3417e-10
rs8055138	1.34623e-10
rs867264	1.34812e-10
rs11641216	1.35898e-10
rs7498555	1.37225e-10
rs10439362	1.38421e-10
rs11086103	1.4099e-10
rs7296615	1.44384e-10
rs116646608	1.44749e-10
rs4809604	1.46966e-10
rs34592797	1.47058e-10
rs12329631	1.54937e-10
rs5025269	1.55842e-10
rs5025270	1.55842e-10
rs3091475	1.55862e-10
rs74576293	1.5815e-10
rs912724	1.61013e-10
rs9526591	1.61435e-10
rs8061590	1.61773e-10
rs10988672	1.62692e-10
rs7984061	1.63073e-10
rs62580984	1.63269e-10
rs11123856	1.63765e-10
rs10689204	1.65001e-10
rs1407440	1.67465e-10
rs9526593	1.68674e-10
rs6066219	1.69532e-10
rs75619875	1.71398e-10
rs2025263	1.72269e-10
rs17835600	1.73118e-10
rs4135284	1.73953e-10
rs74528062	1.74891e-10
rs7330392	1.75807e-10
rs1581745	1.75807e-10
rs68067108	1.75826e-10
rs112860861	1.77032e-10
rs9535305	1.77245e-10
rs1407441	1.77245e-10
rs9535307	1.77245e-10
rs1127021	1.77245e-10
rs9526594	1.77245e-10
rs33849	1.77298e-10
rs200850610	1.77927e-10
rs2181185	1.79132e-10
rs2713552	1.79519e-10
rs9316474	1.80695e-10
rs7982783	1.85276e-10
rs9535310	1.85278e-10
rs2025266	1.85324e-10
rs75036809	1.86715e-10
rs75301392	1.86981e-10
rs2547228	1.88638e-10
rs2713556	1.89979e-10
rs1206829	1.91e-10
rs867265	1.91671e-10
rs17025078	1.92209e-10
rs1423062	1.92347e-10
rs4942863	1.9311e-10
rs2943657	1.93571e-10
rs13423088	1.9481e-10
rs1860436	1.95417e-10
rs7399926	1.95843e-10
rs1515108	1.96163e-10
rs5803479	1.96194e-10
rs3851162	1.9774e-10
rs1883885	1.98683e-10
rs62430580	1.9925e-10
rs16968029	2.02463e-10
rs67604089	2.03331e-10
rs7256849	2.04038e-10
rs2963457	2.05528e-10
rs34285465	2.05548e-10
rs7983303	2.06093e-10
rs2407804	2.06691e-10
rs2454427	2.14447e-10
rs6667962	2.15391e-10
rs709163	2.16262e-10
rs2442805	2.16528e-10
rs77318243	2.17322e-10
rs6706153	2.17363e-10
rs77584394	2.18113e-10
rs12448902	2.1897e-10
rs12037905	2.19267e-10
rs10701122	2.19978e-10
rs1985130	2.20184e-10
rs34585985	2.20221e-10
rs71353892	2.20758e-10
rs2673137	2.20758e-10
rs2920503	2.21083e-10
rs6738097	2.21659e-10
rs2943659	2.22619e-10
rs113867519	2.25642e-10
rs139409116	2.28586e-10
rs6012123	2.29564e-10
rs977132	2.30457e-10
rs175241	2.31777e-10
rs80275162	2.33122e-10
rs4793442	2.33273e-10
rs7979731	2.33448e-10
rs79126519	2.35325e-10
rs6546734	2.36671e-10
rs35958630	2.36715e-10
rs2921193	2.37073e-10
rs61693878	2.38566e-10
rs35620429	2.41254e-10
rs12610691	2.42412e-10
rs1999536	2.44248e-10
rs1535544	2.44665e-10
rs1535470	2.4513e-10
rs62430590	2.55355e-10
rs2648309	2.56077e-10
rs448331	2.60532e-10
rs12422683	2.63082e-10
rs11822234	2.64082e-10
rs6689335	2.66039e-10
rs4430327	2.67398e-10
rs62037364	2.68762e-10
rs2943656	2.71277e-10
rs6561559	2.76431e-10
rs7250283	2.81964e-10
rs4766082	2.84692e-10
rs166599	2.85965e-10
rs62120394	2.86246e-10
rs1515110	2.86519e-10
rs199689761	2.88818e-10
rs7649984	2.92994e-10
rs2051214	2.93187e-10
rs568325586	2.95594e-10
rs2135148	2.95727e-10
rs7104802	2.98308e-10
rs6764551	2.99104e-10
rs1459241	2.99207e-10
rs13073137	2.99379e-10
rs2454436	3.00282e-10
rs421945	3.00732e-10
rs6807940	3.01802e-10
rs8111294	3.01848e-10
rs6734723	3.02036e-10
rs1515100	3.02076e-10
rs2673141	3.03908e-10
rs4766086	3.04546e-10
rs35044334	3.08669e-10
rs763646695	3.09031e-10
rs2713536	3.10073e-10
rs17029006	3.10268e-10
rs55864236	3.12511e-10
rs271152	3.14141e-10
rs79824755	3.14337e-10
rs961179	3.15061e-10
rs13098011	3.16427e-10
rs2396315	3.17351e-10
rs9535330	3.17833e-10
rs1875796	3.17882e-10
rs750177648	3.19897e-10
rs4766084	3.23596e-10
rs557621	3.2367e-10
rs2943660	3.24699e-10
rs4679052	3.25627e-10
rs13059256	3.26402e-10
rs2673142	3.28736e-10
rs2713548	3.28736e-10
rs3782777	3.30759e-10
rs78042672	3.31003e-10
rs1870914	3.31143e-10
rs4766085	3.31321e-10
rs2268759	3.31959e-10
rs1547623	3.33233e-10
rs11699424	3.36681e-10
rs1206832	3.38084e-10
rs6124958	3.40153e-10
rs6660244	3.42659e-10
rs2186457	3.44222e-10
rs13060031	3.44599e-10
rs9535316	3.45017e-10
rs79661676	3.45227e-10
rs6808093	3.46092e-10
rs11435504	3.46653e-10
rs35463537	3.53059e-10
rs36070911	3.53059e-10
rs3091985	3.53347e-10
rs34716648	3.60303e-10
rs1151989	3.64724e-10
rs4766087	3.67485e-10
rs56368595	3.67819e-10
rs13041142	3.70417e-10
rs3782776	3.71475e-10
rs2276541	3.7268e-10
rs796690891	3.73922e-10
rs57754356	3.73922e-10
rs13095158	3.7693e-10
rs55833856	3.79459e-10
rs4147025	3.81684e-10
rs3824999	3.87029e-10
rs7646429	3.90684e-10
rs13064938	3.90922e-10
rs1150752	3.93312e-10
rs34918180	3.93501e-10
rs2673134	3.94397e-10
rs77339594	3.97846e-10
rs62430313	3.97931e-10
rs1002675	3.99041e-10
rs4147024	4.01548e-10
rs5025271	4.02603e-10
rs271153	4.02784e-10
rs7453259	4.03521e-10
rs13081365	4.10018e-10
rs55673030	4.11774e-10
rs3782774	4.12007e-10
rs13095391	4.12262e-10
rs55865377	4.15687e-10
rs35080475	4.15711e-10
rs1150753	4.17249e-10
rs62430588	4.18289e-10
rs6599201	4.20737e-10
rs7372452	4.20773e-10
rs17733640	4.21456e-10
rs13094878	4.22787e-10
rs7373805	4.24876e-10
rs13074160	4.26217e-10
rs13074025	4.26217e-10
rs1860385	4.26537e-10
rs79021277	4.31605e-10
rs2485301	4.31757e-10
rs12578221	4.31842e-10
rs4632485	4.33514e-10
rs3092400	4.35899e-10
rs13072809	4.36045e-10
rs7767007	4.37775e-10
rs78175639	4.37858e-10
rs4766081	4.38862e-10
rs6780349	4.39821e-10
rs111954709	4.44326e-10
rs75582498	4.44326e-10
rs6018321	4.44838e-10
rs7255274	4.44894e-10
rs548724596	4.45163e-10
rs111977118	4.45929e-10
rs4371464	4.47772e-10
rs12578215	4.47783e-10
rs9373047	4.47923e-10
rs13092164	4.48393e-10
rs13092539	4.48393e-10
rs55714539	4.53728e-10
rs271151	4.56457e-10
rs59778971	4.5653e-10
rs56025939	4.57948e-10
rs2070488	4.58036e-10
rs146022472	4.60503e-10
rs71706368	4.62262e-10
rs6927143	4.63945e-10
rs13093460	4.71648e-10
rs4850954	4.7487e-10
rs13088915	4.76756e-10
rs60855424	4.77564e-10
rs4678604	4.78915e-10
rs2442800	4.81741e-10
rs1969044	4.81826e-10
rs4679048	4.83988e-10
rs13092473	4.84115e-10
rs11964505	4.88863e-10
rs2959272	4.91879e-10
rs1002676	4.93287e-10
rs13089394	4.93715e-10
rs57796856	4.94575e-10
rs35553573	4.9516e-10
rs143912551	4.95239e-10
rs6063080	4.95738e-10
rs7771096	4.99983e-10
rs1073506	5.005e-10
rs7433707	5.03055e-10
rs113967141	5.04623e-10
rs7045667	5.0466e-10
rs11236213	5.06288e-10
rs6772046	5.07396e-10
rs11926767	5.07552e-10
rs1206837	5.09756e-10
rs7953798	5.10049e-10
rs62430664	5.10921e-10
rs7372478	5.11742e-10
rs62430589	5.12311e-10
rs7940880	5.15555e-10
rs433061	5.18524e-10
rs7372386	5.23679e-10
rs7644530	5.29627e-10
rs6018320	5.33626e-10
rs13074866	5.339e-10
rs35947591	5.35342e-10
rs9838792	5.37431e-10
rs17301249	5.37611e-10
rs2765783	5.40339e-10
rs4679050	5.40773e-10
rs3746490	5.44154e-10
rs7771144	5.45193e-10
rs6599205	5.48027e-10
rs2276540	5.481e-10
rs13100195	5.4824e-10
rs12200155	5.49529e-10
rs1151999	5.51295e-10
rs79412930	5.56728e-10
rs1399625	5.59144e-10
rs34391887	5.59783e-10
rs12421429	5.6117e-10
rs2126534	5.6349e-10
rs12282266	5.64948e-10
rs7429308	5.65915e-10
rs7743115	5.66086e-10
rs1399626	5.72644e-10
rs36144213	5.74166e-10
rs11236188	5.74922e-10
rs2943658	5.74996e-10
rs2454438	5.75513e-10
rs1982997	5.75513e-10
rs796172	5.78116e-10
rs4053065	5.78751e-10
rs60463402	5.79528e-10
rs36006749	5.80474e-10
rs6599204	5.81157e-10
rs10770658	5.81616e-10
rs11236178	5.82722e-10
rs709150	5.86488e-10
rs59830047	5.87699e-10
rs73003666	5.8775e-10
rs2268758	5.91437e-10
rs11236187	5.93109e-10
rs1269852	5.93506e-10
rs73003668	5.94271e-10
rs7124188	5.94356e-10
rs11969485	5.95035e-10
rs1150757	5.96317e-10
rs7500321	5.99467e-10
rs2268757	6.0011e-10
rs55903152	6.01136e-10
rs59080198	6.02091e-10
rs11236189	6.0417e-10
rs3130288	6.04792e-10
rs3822938	6.06518e-10
rs1817364	6.11289e-10
rs17757020	6.132e-10
rs10219203	6.14712e-10
rs2268755	6.15999e-10
rs2281367	6.19269e-10
rs6934616	6.20137e-10
rs41286206	6.204e-10
rs11643297	6.22586e-10
rs111398010	6.26438e-10
rs1822825	6.27017e-10
rs709148	6.27017e-10
rs11784619	6.28391e-10
rs740769	6.28472e-10
rs2155935	6.29044e-10
rs13063978	6.29449e-10
rs4278037	6.30642e-10
rs13058903	6.33565e-10
rs2268753	6.34913e-10
rs9373045	6.36576e-10
rs6599207	6.37748e-10
rs35201994	6.38569e-10
rs6066225	6.40071e-10
rs34747287	6.4118e-10
rs6599208	6.41549e-10
rs6018317	6.44315e-10
rs17020663	6.46842e-10
rs9399057	6.50639e-10
rs34258593	6.52268e-10
rs2454458	6.56125e-10
rs10489390	6.56623e-10
rs28405267	6.60853e-10
rs11968532	6.60908e-10
rs6769298	6.70371e-10
rs11437451	6.70404e-10
rs12928404	6.7051e-10
rs7192056	6.74447e-10
rs61597223	6.75315e-10
rs7641609	6.7614e-10
rs2713553	6.7892e-10
rs1206760	6.79388e-10
rs1515099	6.84567e-10
rs693906	6.85166e-10
rs6766588	6.88358e-10
rs9402501	6.90801e-10
rs12524250	6.91768e-10
rs2713542	6.9473e-10
rs2117222	6.94892e-10
rs35301756	6.95428e-10
rs3787239	6.97283e-10
rs6793957	7.00947e-10
rs3792527	7.04985e-10
rs3762788	7.04985e-10
rs299647	7.05102e-10
rs2458993	7.05333e-10
rs2366123	7.06181e-10
rs112417295	7.06835e-10
rs13085153	7.07421e-10
rs73148324	7.08047e-10
rs147397977	7.09219e-10
rs3091653	7.09872e-10
rs11645306	7.10345e-10
rs2159381	7.11391e-10
rs75413736	7.13039e-10
rs2298792	7.13473e-10
rs3782778	7.13522e-10
rs2713557	7.14827e-10
rs6063081	7.15926e-10
rs7206214	7.1593e-10
rs762317	7.178e-10
rs4407366	7.20759e-10
rs62201430	7.22003e-10
rs6012127	7.23456e-10
rs2454457	7.25022e-10
rs62431678	7.26924e-10
rs2897770	7.29716e-10
rs6599211	7.32569e-10
rs6794397	7.32569e-10
rs2713560	7.34226e-10
rs4679066	7.34773e-10
rs1073505	7.36027e-10
rs7578326	7.36333e-10
rs10793094	7.37036e-10
rs2673140	7.37824e-10
rs1515116	7.41804e-10
rs35702867	7.42176e-10
rs9389066	7.42674e-10
rs2673144	7.44569e-10
rs1132064	7.45279e-10
rs56256859	7.45753e-10
rs17301858	7.45753e-10
rs2713559	7.4645e-10
rs17037664	7.46551e-10
rs41286212	7.48304e-10
rs1150756	7.50883e-10
rs75822474	7.52196e-10
rs13093640	7.52257e-10
rs2673136	7.52759e-10
rs3792528	7.59937e-10
rs2051213	7.60255e-10
rs796313	7.61521e-10
rs1606791	7.62255e-10
rs925735	7.65306e-10
rs2938392	7.65845e-10
rs999503	7.65971e-10
rs6122558	7.67144e-10
rs1841776	7.68801e-10
rs6510375	7.6964e-10
rs908252	7.69686e-10
rs2713558	7.705e-10
rs7140	7.72445e-10
rs4678605	7.74853e-10
rs11236199	7.78128e-10
rs201896856	7.82361e-10
rs72860374	7.8271e-10
rs2673128	7.84235e-10
rs1567973	7.84235e-10
rs7373816	7.85931e-10
rs13064469	7.89478e-10
rs2366119	7.89478e-10
rs4446174	7.89478e-10
rs2713544	7.9157e-10
rs2396312	7.9157e-10
rs1841778	7.92055e-10
rs17053542	7.9433e-10
rs58659624	8.01023e-10
rs2713541	8.04132e-10
rs1515102	8.05116e-10
rs17643040	8.08705e-10
rs1841777	8.09384e-10
rs60337650	8.13774e-10
rs563658593	8.15779e-10
rs2713540	8.16008e-10
rs2673131	8.16008e-10
rs9838614	8.16418e-10
rs1944933	8.1717e-10
rs13089362	8.19075e-10
rs1151997	8.23602e-10
rs6436620	8.26102e-10
rs1532534	8.28238e-10
rs3827049	8.28841e-10
rs1151998	8.3023e-10
rs78335529	8.30597e-10
rs872249	8.32273e-10
rs7187575	8.32611e-10
rs1399624	8.33041e-10
rs2713539	8.33041e-10
rs8045689	8.34867e-10
rs2673135	8.36075e-10
rs6066213	8.39918e-10
rs12173440	8.40415e-10
rs2713551	8.41044e-10
rs13079757	8.45548e-10
rs60325450	8.48267e-10
rs11236182	8.50729e-10
rs17053540	8.51545e-10
rs40037	8.51752e-10
rs7189927	8.59124e-10
rs36159229	8.65284e-10
rs7188071	8.71195e-10
rs9552486	8.74905e-10
rs9373044	8.78358e-10
rs2070489	8.7948e-10
rs2713549	8.87522e-10
rs1270942	8.90347e-10
rs17053541	8.91055e-10
rs749448535	8.94103e-10
rs10899009	9.00871e-10
rs12175835	9.02974e-10
rs36160800	9.04225e-10
rs74594718	9.04225e-10
rs57069400	9.05065e-10
rs7757204	9.09343e-10
rs12110683	9.15016e-10
rs796290	9.17766e-10
rs9929088	9.25235e-10
rs10899020	9.41947e-10
rs6063079	9.46849e-10
rs9683051	9.53135e-10
rs3130063	9.53825e-10
rs7374458	9.63414e-10
rs62428724	9.80098e-10
rs6066224	9.80785e-10
rs1813831	9.80787e-10
rs79167001	9.89491e-10
rs1336520	9.92751e-10
rs79563827	9.92751e-10
rs3130631	1.00144e-09
rs60797218	1.0027e-09
rs7373930	1.00445e-09
rs271150	1.00805e-09
rs3130628	1.0215e-09
rs11471631	1.02239e-09
rs6565300	1.0246e-09
rs376829414	1.02502e-09
rs2972157	1.02879e-09
rs34326656	1.03135e-09
rs7647657	1.04109e-09
rs2972158	1.04146e-09
rs59768581	1.04956e-09
rs771175432	1.05726e-09
rs389884	1.05936e-09
rs67928618	1.0766e-09
rs3825343	1.08776e-09
rs4808762	1.08788e-09
rs2972163	1.08821e-09
rs2302209	1.09107e-09
rs62428668	1.09366e-09
rs13072731	1.09425e-09
rs11236158	1.09494e-09
rs4837487	1.09613e-09
rs111625835	1.09839e-09
rs6018322	1.10159e-09
rs13094715	1.1081e-09
rs6124961	1.11157e-09
rs3132941	1.12223e-09
rs3749386	1.12509e-09
rs4766088	1.1291e-09
rs670203	1.13008e-09
rs10793093	1.14075e-09
rs2396316	1.14489e-09
rs7084454	1.15164e-09
rs56187503	1.15449e-09
rs8184673	1.15785e-09
rs3134900	1.17192e-09
rs2337106	1.18764e-09
rs10054487	1.20229e-09
rs62070157	1.2027e-09
rs9267531	1.2102e-09
rs6911166	1.21257e-09
rs56324036	1.21266e-09
rs11236200	1.21782e-09
rs11914389	1.23556e-09
rs2008019	1.23698e-09
rs2284817	1.24243e-09
rs4273354	1.24834e-09
rs62428663	1.25019e-09
rs62430315	1.25132e-09
rs1992769	1.25423e-09
rs10841525	1.25809e-09
rs11236185	1.26347e-09
rs10899029	1.26441e-09
rs28666607	1.2729e-09
rs56012027	1.27454e-09
rs75252993	1.27825e-09
rs2027210	1.28091e-09
rs527346	1.28497e-09
rs6800614	1.28716e-09
rs271139	1.29455e-09
rs7109940	1.29984e-09
rs75224083	1.30011e-09
rs62240836	1.30403e-09
rs4420291	1.30423e-09
rs11236203	1.30453e-09
rs9373046	1.30678e-09
rs9402502	1.30678e-09
rs9863437	1.31096e-09
rs11825804	1.31598e-09
rs753864313	1.31945e-09
rs62586005	1.32212e-09
rs62120396	1.32578e-09
rs3787235	1.33624e-09
rs62431681	1.34002e-09
rs112209674	1.34219e-09
rs7372545	1.344e-09
rs6911916	1.35237e-09
rs3782780	1.35367e-09
rs117808688	1.35446e-09
rs62431680	1.35835e-09
rs62120395	1.36445e-09
rs2337143	1.36859e-09
rs10499	1.36994e-09
rs10793092	1.3761e-09
rs62428726	1.3822e-09
rs10793101	1.38824e-09
rs3130923	1.39869e-09
rs35091896	1.40016e-09
rs778186750	1.40119e-09
rs709152	1.40408e-09
rs3117581	1.40774e-09
rs963978	1.4092e-09
rs60085010	1.40925e-09
rs7649153	1.41007e-09
rs11236164	1.41726e-09
rs6798085	1.42117e-09
rs61961491	1.42912e-09
rs3115665	1.44074e-09
rs401913	1.44466e-09
rs2300669	1.44572e-09
rs515688	1.44616e-09
rs271175	1.44809e-09
rs8046545	1.45012e-09
rs73396800	1.45234e-09
rs62428725	1.4562e-09
rs1870915	1.45771e-09
rs2938389	1.45858e-09
rs7373828	1.46009e-09
rs11273215	1.46193e-09
rs1415991	1.47924e-09
rs622076	1.47936e-09
rs56098412	1.4807e-09
rs390700	1.48689e-09
rs6124960	1.49791e-09
rs36153447	1.50239e-09
rs11604752	1.5057e-09
rs12460047	1.50625e-09
rs116131925	1.50784e-09
rs76704686	1.51134e-09
rs35371033	1.51596e-09
rs4810572	1.51816e-09
rs3130478	1.52411e-09
rs62428664	1.53272e-09
rs10075197	1.53294e-09
rs73409631	1.53789e-09
rs3825342	1.53919e-09
rs3762791	1.54368e-09
rs6066223	1.54847e-09
rs2736157	1.56586e-09
rs8060365	1.56732e-09
rs6066222	1.57382e-09
rs62428666	1.57606e-09
rs4808765	1.58589e-09
rs78457404	1.58631e-09
rs271138	1.59099e-09
rs11236161	1.59263e-09
rs1800628	1.60187e-09
rs529806782	1.603e-09
rs9267539	1.60547e-09
rs3095233	1.61128e-09
rs3130627	1.6152e-09
rs3132450	1.61684e-09
rs1265947	1.61803e-09
rs114595701	1.62142e-09
rs9267578	1.62394e-09
rs6565293	1.62584e-09
rs11655984	1.63055e-09
rs7773338	1.63627e-09
rs5781131	1.64136e-09
rs6919155	1.64665e-09
rs73409636	1.65164e-09
rs34023964	1.65233e-09
rs2268762	1.65457e-09
rs73396802	1.65533e-09
rs3130616	1.65845e-09
rs10653411	1.65994e-09
rs3749387	1.6634e-09
rs12026739	1.66873e-09
rs6912460	1.68306e-09
rs3115663	1.68971e-09
rs6809352	1.69076e-09
rs11666033	1.69847e-09
rs11610052	1.70097e-09
rs3746489	1.70119e-09
rs755498348	1.70525e-09
rs59576053	1.70601e-09
rs12461072	1.71326e-09
rs55973594	1.71326e-09
rs77886265	1.71475e-09
rs378421	1.71708e-09
rs11452712	1.71934e-09
rs73409626	1.71987e-09
rs6599203	1.72371e-09
rs7375040	1.72548e-09
rs58173627	1.72584e-09
rs75380668	1.72584e-09
rs7372849	1.72585e-09
rs150279002	1.74228e-09
rs35070952	1.75562e-09
rs2327358	1.76523e-09
rs35592410	1.77253e-09
rs117915898	1.77444e-09
rs13098946	1.78121e-09
rs13078966	1.78121e-09
rs6912223	1.79187e-09
rs4072402	1.80732e-09
rs1815739	1.81134e-09
rs3130491	1.81442e-09
rs8112975	1.818e-09
rs422692	1.82379e-09
rs2868849	1.8252e-09
rs13045448	1.83166e-09
rs10885	1.83972e-09
rs2763980	1.86189e-09
rs540874	1.86314e-09
rs2028759	1.86723e-09
rs6689707	1.87137e-09
rs618838	1.87721e-09
rs4377481	1.88111e-09
rs2904880	1.88708e-09
rs3130046	1.88969e-09
rs3094005	1.89163e-09
rs9552483	1.89496e-09
rs73409643	1.90831e-09
rs111234931	1.90831e-09
rs113070636	1.90831e-09
rs12332652	1.91088e-09
rs3115664	1.91172e-09
rs1065800	1.91256e-09
rs537448	1.91271e-09
rs3115671	1.91589e-09
rs3117582	1.91957e-09
rs16967990	1.91968e-09
rs3130622	1.92413e-09
rs2327285	1.92633e-09
rs55887216	1.93598e-09
rs7640648	1.93916e-09
rs6063033	1.94173e-09
rs3130679	1.96775e-09
rs11642449	1.97361e-09
rs3130476	1.97833e-09
rs501942	1.9859e-09
rs112308052	1.99644e-09
rs762318	2.0172e-09
rs9311188	2.02124e-09
rs2051216	2.02616e-09
rs2284820	2.02616e-09
rs6796845	2.02941e-09
rs6507878	2.04104e-09
rs12859620	2.04185e-09
rs3130621	2.04595e-09
rs7750379	2.04908e-09
rs7768311	2.04908e-09
rs599707	2.04963e-09
rs57651384	2.06268e-09
rs9829192	2.06316e-09
rs564819152	2.0662e-09
rs530827289	2.0662e-09
rs550532200	2.0662e-09
rs2753961	2.06717e-09
rs73002029	2.07194e-09
rs145852769	2.07337e-09
rs9931989	2.08822e-09
rs1058945	2.09199e-09
rs75306861	2.095e-09
rs2607014	2.09762e-09
rs3130626	2.10097e-09
rs2736425	2.10293e-09
rs3117577	2.10685e-09
rs9375955	2.119e-09
rs9267574	2.13541e-09
rs2946176	2.14609e-09
rs3130070	2.14636e-09
rs3130624	2.14651e-09
rs681331	2.14816e-09
rs2154778	2.15351e-09
rs6805386	2.15406e-09
rs6599209	2.15406e-09
rs6599212	2.15406e-09
rs5875329	2.16105e-09
rs48385	2.16237e-09
rs45506201	2.16595e-09
rs3782775	2.17608e-09
rs497309	2.1788e-09
rs2284819	2.17895e-09
rs7121958	2.19058e-09
rs8056890	2.19508e-09
rs2051215	2.19694e-09
rs3101017	2.19841e-09
rs1417452	2.20168e-09
rs7630012	2.21461e-09
rs3132449	2.2157e-09
rs13079145	2.21892e-09
rs62431677	2.23272e-09
rs7185232	2.23622e-09
rs3117579	2.23968e-09
rs9535341	2.24058e-09
rs76088152	2.24598e-09
rs79834959	2.24774e-09
rs3837428	2.25035e-09
rs4035063	2.25707e-09
rs3924376	2.26122e-09
rs11045234	2.26385e-09
rs12858548	2.26524e-09
rs625421	2.26948e-09
rs9562927	2.27214e-09
rs79955346	2.27727e-09
rs56215630	2.28737e-09
rs7823971	2.30076e-09
rs1260326	2.30454e-09
rs553414	2.31017e-09
rs9267549	2.31589e-09
rs55813157	2.3163e-09
rs4679060	2.32259e-09
rs12919058	2.32266e-09
rs5875328	2.33094e-09
rs3130047	2.33465e-09
rs9267488	2.34308e-09
rs1265905	2.34429e-09
rs62428665	2.35562e-09
rs1175542	2.37237e-09
rs3117575	2.37966e-09
rs3131642	2.38162e-09
rs3117580	2.41034e-09
rs71536115	2.41978e-09
rs7329456	2.44962e-09
rs1475298	2.45086e-09
rs1890303	2.46446e-09
rs1399623	2.4721e-09
rs6599202	2.48475e-09
rs7652475	2.48475e-09
rs3131379	2.48539e-09
rs662094	2.49632e-09
rs12044365	2.50222e-09
rs7642472	2.50661e-09
rs2921190	2.52939e-09
rs3018318	2.53827e-09
rs1671064	2.54628e-09
rs57331574	2.55372e-09
rs74334153	2.56419e-09
rs4679053	2.56602e-09
rs3117573	2.56715e-09
rs3132443	2.59982e-09
rs2900285	2.61473e-09
rs3131378	2.63102e-09
rs3130490	2.64706e-09
rs3115672	2.64813e-09
rs928813	2.65674e-09
rs11786896	2.67353e-09
rs1046048	2.67372e-09
rs3117576	2.68177e-09
rs11229	2.68421e-09
rs137915523	2.69618e-09
rs572846	2.70747e-09
rs3117574	2.73002e-09
rs915652	2.7362e-09
rs11472097	2.73643e-09
rs3130484	2.75846e-09
rs3131380	2.76316e-09
rs494865	2.78417e-09
rs117866287	2.78684e-09
rs112335292	2.78892e-09
rs6697682	2.80214e-09
rs79623938	2.80483e-09
rs3094011	2.80635e-09
rs3094010	2.80635e-09
rs876060	2.81596e-09
rs10501845	2.82262e-09
rs6066209	2.82484e-09
rs3099843	2.83101e-09
rs3099844	2.83101e-09
rs8123207	2.83169e-09
rs3117583	2.83311e-09
rs2143589	2.84125e-09
rs7640050	2.84462e-09
rs111847462	2.86423e-09
rs615205	2.86537e-09
rs3131383	2.88985e-09
rs11757578	2.89662e-09
rs1870940	2.90039e-09
rs2959269	2.90235e-09
rs10627090	2.92959e-09
rs58342792	2.9393e-09
rs6478956	2.96062e-09
rs12625968	2.97082e-09
rs9267544	2.97456e-09
rs9863976	3.00219e-09
rs35485609	3.00378e-09
rs560556	3.00571e-09
rs10047727	3.00656e-09
rs7980313	3.01569e-09
rs59101559	3.0168e-09
rs4808766	3.01977e-09
rs367954305	3.02299e-09
rs112935194	3.02903e-09
rs545009	3.03045e-09
rs143406390	3.03161e-09
rs9321406	3.04038e-09
rs709167	3.04149e-09
rs271159	3.04313e-09
rs271162	3.06165e-09
rs76243478	3.06734e-09
rs79302180	3.07467e-09
rs115591082	3.08698e-09
rs2924807	3.08782e-09
rs67551338	3.0952e-09
rs35405369	3.1018e-09
rs1127894	3.11186e-09
rs3132470	3.11667e-09
rs271143	3.12958e-09
rs3101018	3.14233e-09
rs140086796	3.14418e-09
rs140470768	3.1531e-09
rs142997057	3.1531e-09
rs151115814	3.1531e-09
rs13170063	3.15503e-09
rs6512428	3.16527e-09
rs630021	3.18425e-09
rs211436	3.19604e-09
rs7999786	3.21988e-09
rs558702	3.24019e-09
rs3132445	3.27588e-09
rs2000939	3.28024e-09
rs3131381	3.30442e-09
rs271178	3.31357e-09
rs9867989	3.32089e-09
rs6122556	3.32341e-09
rs12622050	3.34167e-09
rs71040138	3.34961e-09
rs13097628	3.35373e-09
rs116827595	3.36593e-09
rs11012732	3.38121e-09
rs9856899	3.44183e-09
rs74649479	3.44466e-09
rs743590	3.45537e-09
rs12369593	3.45544e-09
rs9267445	3.46155e-09
rs6066106	3.46483e-09
rs7626030	3.48314e-09
rs7206728	3.50992e-09
rs62430318	3.53303e-09
rs113913737	3.53538e-09
rs2419655	3.53782e-09
rs3130618	3.57502e-09
rs519417	3.61867e-09
rs35364088	3.65122e-09
rs11045260	3.68037e-09
rs271145	3.68281e-09
rs2963439	3.68793e-09
rs62430317	3.68803e-09
rs62430319	3.70529e-09
rs7098100	3.71527e-09
rs7488017	3.72857e-09
rs3130908	3.73505e-09
rs3130909	3.73505e-09
rs6124949	3.73911e-09
rs3091593	3.74532e-09
rs12366354	3.76661e-09
rs2071278	3.77152e-09
rs12779865	3.78537e-09
rs2860432	3.79192e-09
rs756361689	3.80235e-09
rs4149406	3.80913e-09
rs509556	3.84408e-09
rs4395734	3.84755e-09
rs532086	3.85724e-09
rs11236155	3.88853e-09
rs66571893	3.89412e-09
rs73047065	3.90651e-09
rs677488	3.94661e-09
rs531490	3.95517e-09
rs73148326	3.96969e-09
rs271177	3.9951e-09
rs11700026	3.99555e-09
rs678397	3.99622e-09
rs159424	4.0109e-09
rs139759813	4.01962e-09
rs17818143	4.07105e-09
rs77399733	4.07419e-09
rs62430312	4.11889e-09
rs73047059	4.14717e-09
rs677627	4.15996e-09
rs2454456	4.16001e-09
rs113377538	4.17152e-09
rs11062590	4.20172e-09
rs56233017	4.20322e-09
rs9952412	4.20846e-09
rs746857518	4.23774e-09
rs77360507	4.25563e-09
rs2073172	4.25905e-09
rs62430314	4.25912e-09
rs904452	4.26268e-09
rs113208333	4.26318e-09
rs3063989	4.28274e-09
rs62201406	4.31551e-09
rs12798124	4.34588e-09
rs2228	4.34591e-09
rs117047468	4.34611e-09
rs8124573	4.34856e-09
rs905938	4.34908e-09
rs17529824	4.36045e-09
rs6018325	4.37431e-09
rs6018324	4.40373e-09
rs11646653	4.41618e-09
rs13060685	4.55056e-09
rs79997404	4.55799e-09
rs1858740	4.5585e-09
rs2972162	4.57338e-09
rs271173	4.57408e-09
rs62034322	4.59483e-09
rs915651	4.59983e-09
rs13263939	4.61229e-09
rs7184597	4.63325e-09
rs116916534	4.63485e-09
rs271114	4.63737e-09
rs1039244	4.6999e-09
rs73048927	4.7044e-09
rs7433277	4.73593e-09
rs3130612	4.75289e-09
rs2067082	4.75455e-09
rs74891390	4.83926e-09
rs12805133	4.84372e-09
rs4234512	4.87472e-09
rs4766083	4.88834e-09
rs9708958	4.8914e-09
rs55760516	4.90311e-09
rs62031560	4.92476e-09
rs2963436	5.02796e-09
rs6742231	5.02968e-09
rs4851391	5.03988e-09
rs271147	5.06274e-09
rs1984312	5.06818e-09
rs2300668	5.11513e-09
rs3115674	5.12361e-09
rs73311211	5.16607e-09
rs371888022	5.18333e-09
rs963163	5.18391e-09
rs271155	5.19088e-09
rs7648489	5.19263e-09
rs3773353	5.19467e-09
rs4684866	5.2101e-09
rs2235907	5.23424e-09
rs6770781	5.23874e-09
rs200325630	5.24632e-09
rs57821916	5.25166e-09
rs66462026	5.26161e-09
rs7238442	5.30603e-09
rs2186955	5.34805e-09
rs3130614	5.38383e-09
rs1198328	5.47084e-09
rs6442320	5.48199e-09
rs6910310	5.49472e-09
rs12454712	5.49797e-09
rs4234511	5.50418e-09
rs7647328	5.5211e-09
rs13333976	5.54551e-09
rs3118902	5.54991e-09
rs67234314	5.55443e-09
rs3986619	5.55783e-09
rs4944933	5.57434e-09
rs66464318	5.57523e-09
rs6747874	5.58412e-09
rs201309937	5.59554e-09
rs11602237	5.6008e-09
rs8117199	5.6119e-09
rs112872953	5.64777e-09
rs8124995	5.67518e-09
rs200266058	5.71401e-09
rs6793346	5.71594e-09
rs11482825	5.72012e-09
rs2044753	5.76604e-09
rs6122559	5.77563e-09
rs6510374	5.77622e-09
rs1144710	5.80003e-09
rs8107100	5.83044e-09
rs2154035	5.83383e-09
rs9877282	5.83796e-09
rs11666424	5.86484e-09
rs11670370	5.8734e-09
rs4939837	5.87759e-09
rs2648367	5.91385e-09
rs9272209	5.93754e-09
rs62201426	5.9484e-09
rs895520	5.97991e-09
rs67672535	5.9821e-09
rs6792154	5.98686e-09
rs71475386	5.98746e-09
rs2785979	6.00635e-09
rs6599206	6.01096e-09
rs77949641	6.02553e-09
rs2596828	6.06154e-09
rs8124918	6.08839e-09
rs113420741	6.09624e-09
rs4629039	6.12467e-09
rs6747755	6.1583e-09
rs2946177	6.21584e-09
rs2044754	6.21603e-09
rs2946178	6.24937e-09
rs3729926	6.29119e-09
rs566320862	6.2997e-09
rs2726031	6.35076e-09
rs2348197	6.36957e-09
rs3021302	6.38569e-09
rs2036230	6.38809e-09
rs9871419	6.39658e-09
rs646346	6.42296e-09
rs10219168	6.42303e-09
rs75225891	6.42612e-09
rs10167337	6.44009e-09
rs887846	6.49211e-09
rs11388208	6.51939e-09
rs3986805	6.52272e-09
rs10492591	6.53534e-09
rs271176	6.55927e-09
rs139037735	6.58926e-09
rs2764217	6.67869e-09
rs9850764	6.69695e-09
rs1064048	6.71099e-09
rs73047075	6.7213e-09
rs765309079	6.72277e-09
rs73048933	6.81565e-09
rs746721254	6.83102e-09
rs12619710	6.88844e-09
rs882272	6.90185e-09
rs9922412	6.91043e-09
rs6914950	6.91672e-09
rs112638463	6.91733e-09
rs2070988	6.93386e-09
rs73048966	6.94716e-09
rs1802669	6.96047e-09
rs6752766	6.9945e-09
rs1794277	7.00159e-09
rs7605570	7.03547e-09
rs4684112	7.03744e-09
rs2370840	7.04987e-09
rs62120364	7.06896e-09
rs74954553	7.07465e-09
rs4684868	7.10345e-09
rs11062595	7.12635e-09
rs78079567	7.1435e-09
rs9812189	7.18175e-09
rs3731906	7.18885e-09
rs60146811	7.2352e-09
rs240708	7.24101e-09
rs112470239	7.2809e-09
rs6802071	7.29468e-09
rs73409691	7.33077e-09
rs4424102	7.41412e-09
rs7646025	7.44172e-09
rs62037414	7.51483e-09
rs4684869	7.56554e-09
rs6889846	7.59758e-09
rs7763805	7.69473e-09
rs271141	7.70351e-09
rs271133	7.7094e-09
rs9273325	7.71358e-09
rs4665972	7.71363e-09
rs1613056	7.72655e-09
rs117035602	7.73454e-09
rs5746177	7.73677e-09
rs11062596	7.73905e-09
rs159418	7.77513e-09
rs6801357	7.77966e-09
rs7018410	7.78401e-09
rs9809842	7.78894e-09
rs185181791	7.80056e-09
rs9272770	7.8093e-09
rs62034325	7.81432e-09
rs3134978	7.81547e-09
rs2505617	7.82684e-09
rs10167320	7.83857e-09
rs1794511	7.88841e-09
rs73048943	7.88965e-09
rs2854022	7.89227e-09
rs2348198	7.89757e-09
rs1794530	7.92069e-09
rs1794272	7.92069e-09
rs17707300	8.00429e-09
rs9941349	8.12519e-09
rs2881851	8.1276e-09
rs4684870	8.12867e-09
rs12464085	8.16881e-09
rs6018326	8.17325e-09
rs13143234	8.19347e-09
rs13135688	8.20408e-09
rs62191888	8.21438e-09
rs111771093	8.22489e-09
rs76798800	8.23385e-09
rs7739978	8.29974e-09
rs3134977	8.31779e-09
rs75279684	8.37278e-09
rs62201431	8.41093e-09
rs56330626	8.41971e-09
rs75710158	8.42356e-09
rs1794528	8.43549e-09
rs138527158	8.44299e-09
rs13114461	8.44895e-09
rs13114738	8.48889e-09
rs271119	8.53771e-09
rs2647019	8.62026e-09
rs1007331	8.62295e-09
rs6063076	8.6327e-09
rs76778925	8.66507e-09
rs61961502	8.67198e-09
rs6094623	8.73851e-09
rs11667487	8.75714e-09
rs2284189	8.82713e-09
rs1048381	8.99585e-09
rs40834	9.05625e-09
rs271148	9.06051e-09
rs2215801	9.08732e-09
rs6094622	9.11104e-09
rs271116	9.12056e-09
rs1810144	9.1461e-09
rs9272729	9.15327e-09
rs7959590	9.20333e-09
rs1749225	9.35245e-09
rs2647044	9.35271e-09
rs55792032	9.38805e-09
rs67809146	9.40894e-09
rs34902663	9.43813e-09
rs1211304	9.47877e-09
rs4788073	9.49735e-09
rs2044756	9.50015e-09
rs28567725	9.55451e-09
rs73047072	9.56345e-09
rs2878889	9.61774e-09
rs10515764	9.62184e-09
rs169199	9.63893e-09
rs1617322	9.64791e-09
rs112047757	9.67943e-09
rs3131643	9.85256e-09
rs9596200	9.8561e-09
rs2647004	9.91105e-09
rs533950632	9.9164e-09
rs147115029	9.94873e-09
rs7186573	9.95189e-09
rs34692250	9.96146e-09
rs1570353	9.96524e-09
rs2844531	9.98518e-09
rs273507	9.98731e-09
rs4546136	1.0008e-08
rs56128769	1.00394e-08
rs11639897	1.00419e-08
rs112191041	1.00431e-08
rs111693583	1.00431e-08
rs11074911	1.00431e-08
rs3134971	1.00431e-08
rs7201850	1.00747e-08
rs7402977	1.00839e-08
rs762101480	1.00908e-08
rs4942866	1.01232e-08
rs1794280	1.01458e-08
rs761986082	1.02023e-08
rs40837	1.02616e-08
rs8109008	1.03193e-08
rs153109	1.03836e-08
rs5746152	1.04314e-08
rs57970901	1.04789e-08
rs57197768	1.04789e-08
rs547938281	1.04789e-08
rs386638995	1.04789e-08
rs1009333	1.04936e-08
rs7894565	1.05141e-08
rs201893032	1.05337e-08
rs2854275	1.05578e-08
rs7606711	1.05762e-08
rs577007261	1.0646e-08
rs2344825	1.06802e-08
rs27741	1.06903e-08
rs1794283	1.07215e-08
rs11062597	1.07746e-08
rs71475384	1.08053e-08
rs2726032	1.08111e-08
rs75061909	1.08276e-08
rs17640009	1.08636e-08
rs41504144	1.08898e-08
rs3129716	1.08992e-08
rs79567528	1.10293e-08
rs760449869	1.10628e-08
rs1201716	1.10959e-08
rs1198324	1.11109e-08
rs6592590	1.11826e-08
rs1198322	1.11908e-08
rs1054684	1.11916e-08
rs40836	1.12007e-08
rs199526214	1.12072e-08
rs9819832	1.12072e-08
rs115349677	1.12262e-08
rs2040409	1.12327e-08
rs1198320	1.12703e-08
rs6788780	1.12777e-08
rs6788999	1.12777e-08
rs2348200	1.13526e-08
rs26528	1.13654e-08
rs1198319	1.14838e-08
rs56209193	1.14839e-08
rs1198315	1.15049e-08
rs6747041	1.15159e-08
rs12800599	1.15264e-08
rs12447461	1.15267e-08
rs9275576	1.15321e-08
rs3864032	1.15403e-08
rs146090919	1.15637e-08
rs12412831	1.15669e-08
rs153111	1.15679e-08
rs7190771	1.15888e-08
rs2726033	1.1624e-08
rs7206629	1.16372e-08
rs3131618	1.16743e-08
rs35679453	1.16751e-08
rs12448429	1.17893e-08
rs10828250	1.17942e-08
rs9273369	1.17969e-08
rs77909586	1.18238e-08
rs271117	1.18268e-08
rs4788084	1.18689e-08
rs2503031	1.18771e-08
rs2419921	1.18957e-08
rs189278832	1.19137e-08
rs9816615	1.19271e-08
rs10198511	1.19956e-08
rs9808956	1.20336e-08
rs112479807	1.20963e-08
rs1044821	1.21456e-08
rs28502662	1.22317e-08
rs660140	1.2336e-08
rs10187549	1.23728e-08
rs6122560	1.23896e-08
rs4944935	1.24254e-08
rs2963426	1.24708e-08
rs547704163	1.24786e-08
rs76136269	1.26068e-08
rs117674966	1.26464e-08
rs34486390	1.2721e-08
rs11666265	1.27599e-08
rs1614726	1.27788e-08
rs2106480	1.28034e-08
rs10491967	1.28844e-08
rs62034326	1.29161e-08
rs9272139	1.29981e-08
rs75539558	1.29994e-08
rs3132510	1.30566e-08
rs2963481	1.32073e-08
rs7067812	1.33276e-08
rs34147202	1.33288e-08
rs62120363	1.33836e-08
rs7129492	1.34643e-08
rs396268	1.34815e-08
rs12598357	1.35866e-08
rs6565259	1.36061e-08
rs1614727	1.3627e-08
rs61961500	1.36281e-08
rs770199665	1.36742e-08
rs2419923	1.36954e-08
rs240707	1.37289e-08
rs2820321	1.374e-08
rs2395227	1.37534e-08
rs116956259	1.37987e-08
rs2419922	1.3804e-08
rs3094605	1.38105e-08
rs61961501	1.38178e-08
rs9937709	1.3859e-08
rs6018151	1.38924e-08
rs9933509	1.39149e-08
rs12441765	1.39291e-08
rs9267986	1.39316e-08
rs1794274	1.40119e-08
rs6757524	1.40302e-08
rs1017308	1.41311e-08
rs6066105	1.41323e-08
rs2053735	1.41325e-08
rs9931494	1.42148e-08
rs9860631	1.42689e-08
rs78889164	1.42709e-08
rs141934331	1.42811e-08
rs2040410	1.42824e-08
rs3132953	1.42864e-08
rs62034319	1.42969e-08
rs1052566	1.43011e-08
rs9265979	1.43381e-08
rs12474050	1.43643e-08
rs3131619	1.44094e-08
rs62034321	1.44941e-08
rs2428481	1.45216e-08
rs57619544	1.45354e-08
rs35084526	1.45354e-08
rs2505626	1.45648e-08
rs9265976	1.46293e-08
rs8192589	1.46919e-08
rs1981973	1.47062e-08
rs62034323	1.47565e-08
rs28772958	1.47653e-08
rs11607100	1.48095e-08
rs57898504	1.48255e-08
rs9265971	1.48794e-08
rs9265973	1.48794e-08
rs9265974	1.48794e-08
rs9931900	1.48871e-08
rs4704942	1.49041e-08
rs28698667	1.50866e-08
rs4788085	1.50983e-08
rs8046271	1.51013e-08
rs4788083	1.51077e-08
rs7970343	1.5127e-08
rs271156	1.5131e-08
rs11010550	1.51386e-08
rs1794519	1.51533e-08
rs10181743	1.51535e-08
rs780094	1.5167e-08
rs10174713	1.52919e-08
rs3094013	1.53094e-08
rs7202948	1.53506e-08
rs3130907	1.53666e-08
rs62034324	1.54179e-08
rs1128099	1.54942e-08
rs12267966	1.55493e-08
rs115178743	1.5662e-08
rs1397429	1.57058e-08
rs273508	1.58401e-08
rs1198327	1.59994e-08
rs1239673	1.60576e-08
rs143000017	1.60816e-08
rs4944940	1.61294e-08
rs62123561	1.61418e-08
rs3099839	1.61737e-08
rs1794520	1.62928e-08
rs1239674	1.63574e-08
rs55732704	1.64004e-08
rs2395228	1.64062e-08
rs79458631	1.6424e-08
rs3851166	1.64519e-08
rs151181	1.64627e-08
rs273510	1.64878e-08
rs874628	1.64883e-08
rs73019547	1.66967e-08
rs4851383	1.68361e-08
rs3132474	1.6884e-08
rs9274671	1.6922e-08
rs3132090	1.69766e-08
rs2914219	1.6989e-08
rs112535953	1.70042e-08
rs3132971	1.70183e-08
rs3132089	1.70859e-08
rs151182	1.70985e-08
rs17240464	1.7121e-08
rs4944053	1.7144e-08
rs271157	1.72434e-08
rs9265645	1.72836e-08
rs9266001	1.7338e-08
rs6569867	1.73879e-08
rs6762279	1.7405e-08
rs7996307	1.74745e-08
rs2923008	1.75269e-08
rs9265993	1.75881e-08
rs4569399	1.75973e-08
rs9265949	1.76305e-08
rs9265967	1.76862e-08
rs7748141	1.7708e-08
rs35113651	1.7742e-08
rs56345159	1.78114e-08
rs11696009	1.782e-08
rs9265958	1.78232e-08
rs62033405	1.78814e-08
rs11281034	1.8029e-08
rs389883	1.80308e-08
rs10623741	1.80368e-08
rs3096690	1.80646e-08
rs9316476	1.80895e-08
rs7936385	1.81245e-08
rs3134792	1.81308e-08
rs271160	1.82641e-08
rs2523571	1.82882e-08
rs2820319	1.8321e-08
rs9268144	1.83463e-08
rs3128986	1.84057e-08
rs2853999	1.84084e-08
rs3115556	1.84119e-08
rs9268123	1.84213e-08
rs148329135	1.84213e-08
rs138357161	1.84298e-08
rs17817712	1.85183e-08
rs56338130	1.85282e-08
rs7749529	1.86066e-08
rs2596547	1.86585e-08
rs1239675	1.86978e-08
rs12527741	1.87311e-08
rs240702	1.87531e-08
rs3736030	1.87661e-08
rs13075164	1.87983e-08
rs2256747	1.88266e-08
rs2256750	1.88266e-08
rs2844589	1.88266e-08
rs3130623	1.88281e-08
rs9265985	1.88343e-08
rs9268075	1.90235e-08
rs240705	1.90259e-08
rs9265982	1.90372e-08
rs271163	1.90605e-08
rs1239676	1.90754e-08
rs2596565	1.90799e-08
rs410851	1.91141e-08
rs10899023	1.9161e-08
rs58489712	1.91711e-08
rs9268193	1.92066e-08
rs3859172	1.92138e-08
rs12446550	1.92307e-08
rs11970169	1.93395e-08
rs141448853	1.93528e-08
rs60572033	1.937e-08
rs3130297	1.95271e-08
rs2505625	1.95319e-08
rs9265990	1.95698e-08
rs9265998	1.95698e-08
rs9265964	1.95956e-08
rs4808120	1.96804e-08
rs2010592	1.97196e-08
rs9265972	1.97493e-08
rs3093958	1.97519e-08
rs13099828	1.97545e-08
rs10899015	1.97611e-08
rs9268152	1.97691e-08
rs9268158	1.97691e-08
rs9268177	1.97691e-08
rs9268178	1.97691e-08
rs3016017	1.97803e-08
rs2923007	1.97803e-08
rs11969376	1.98713e-08
rs2523593	1.98742e-08
rs11075985	1.99099e-08
rs2394981	1.99592e-08
rs10828248	1.99606e-08
rs1336522	1.99962e-08
rs1265754	2.00051e-08
rs11698996	2.00462e-08
rs4944052	2.00697e-08
rs9926245	2.02065e-08
rs7943085	2.02174e-08
rs7944208	2.02174e-08
rs11418309	2.02442e-08
rs271149	2.03251e-08
rs6794024	2.03658e-08
rs7905967	2.04756e-08
rs72999447	2.0497e-08
rs11698277	2.05126e-08
rs10501417	2.05268e-08
rs3751812	2.05529e-08
rs6066104	2.05679e-08
rs9265946	2.05911e-08
rs151179	2.06366e-08
rs6592577	2.06806e-08
rs10828249	2.0686e-08
rs2854010	2.06982e-08
rs271165	2.07014e-08
rs9265831	2.07604e-08
rs13331170	2.07804e-08
rs34926963	2.08202e-08
rs533379	2.08328e-08
rs67351386	2.08386e-08
rs3134796	2.08944e-08
rs3130477	2.09291e-08
rs12802837	2.09421e-08
rs6911415	2.09629e-08
rs4944912	2.09694e-08
rs1480380	2.09917e-08
rs7645903	2.10002e-08
rs7101472	2.10338e-08
rs2844530	2.10656e-08
rs6929938	2.1097e-08
rs6911552	2.1097e-08
rs153106	2.11911e-08
rs2394980	2.12314e-08
rs12802319	2.13593e-08
rs4808760	2.13667e-08
rs2854019	2.1377e-08
rs402175	2.14604e-08
rs117006327	2.1488e-08
rs10185019	2.15103e-08
rs4570996	2.15209e-08
rs7450305	2.15899e-08
rs10899018	2.16309e-08
rs59641461	2.16732e-08
rs2156874	2.17057e-08
rs12251016	2.17129e-08
rs9646647	2.17648e-08
rs4808770	2.17867e-08
rs9274678	2.18172e-08
rs7068649	2.18676e-08
rs11236173	2.19193e-08
rs1039897	2.19431e-08
rs116667074	2.19651e-08
rs1558901	2.20366e-08
rs7125	2.20633e-08
rs3131296	2.21199e-08
rs2010528	2.22182e-08
rs7775397	2.22189e-08
rs2820322	2.22227e-08
rs9265886	2.22385e-08
rs9265857	2.22676e-08
rs2394978	2.22676e-08
rs71621626	2.23541e-08
rs1416901	2.23744e-08
rs271127	2.24163e-08
rs9923544	2.24197e-08
rs41286202	2.24275e-08
rs9265910	2.243e-08
rs56252442	2.24437e-08
rs10208443	2.24712e-08
rs4944913	2.2478e-08
rs9265948	2.25132e-08
rs4684773	2.25938e-08
rs1868164	2.26464e-08
rs11964979	2.27227e-08
rs6937974	2.27384e-08
rs117684449	2.28246e-08
rs56137030	2.28966e-08
rs2394979	2.29608e-08
rs13099634	2.30476e-08
rs271113	2.30502e-08
rs780093	2.30666e-08
rs79994966	2.3104e-08
rs9265908	2.31231e-08
rs2596545	2.31301e-08
rs79347999	2.32111e-08
rs273492	2.32371e-08
rs73000187	2.32554e-08
rs4944914	2.32901e-08
rs2523573	2.32929e-08
rs139457431	2.32992e-08
rs9937053	2.33212e-08
rs4674406	2.33668e-08
rs9268026	2.34399e-08
rs535777	2.34982e-08
rs2507998	2.35085e-08
rs9923147	2.35134e-08
rs1634776	2.35826e-08
rs13088644	2.36431e-08
rs7751715	2.39165e-08
rs378273	2.4041e-08
rs151301	2.40526e-08
rs2596510	2.4165e-08
rs73100528	2.42446e-08
rs149299	2.4301e-08
rs6912858	2.43359e-08
rs11082719	2.44452e-08
rs6921393	2.44921e-08
rs62032566	2.45182e-08
rs3777886	2.45927e-08
rs7191618	2.46078e-08
rs2849018	2.46341e-08
rs3744311	2.47283e-08
rs1078212	2.47882e-08
rs67720873	2.48182e-08
rs9927317	2.49678e-08
rs1421086	2.49717e-08
rs3822937	2.50559e-08
rs2442735	2.50746e-08
rs2523584	2.51164e-08
rs62033400	2.52385e-08
rs9940646	2.52575e-08
rs2819347	2.5322e-08
rs271132	2.53245e-08
rs12449539	2.53269e-08
rs13323506	2.53944e-08
rs4035062	2.54019e-08
rs9939973	2.54689e-08
rs150155847	2.54714e-08
rs7130839	2.55557e-08
rs149271	2.55568e-08
rs271154	2.56233e-08
rs2905719	2.567e-08
rs9535306	2.56711e-08
rs67867721	2.56898e-08
rs2523546	2.5831e-08
rs60045856	2.58319e-08
rs9265811	2.58387e-08
rs9385633	2.58489e-08
rs3736830	2.591e-08
rs73047017	2.6076e-08
rs4143332	2.63375e-08
rs3777887	2.63925e-08
rs8118645	2.64442e-08
rs2280039	2.66362e-08
rs113392940	2.68034e-08
rs4996254	2.68454e-08
rs9265827	2.68775e-08
rs2844577	2.70012e-08
rs2596430	2.70012e-08
rs2922994	2.70012e-08
rs6442321	2.70024e-08
rs4851389	2.70552e-08
rs77481804	2.72505e-08
rs271123	2.72998e-08
rs2666773	2.7336e-08
rs9928094	2.73765e-08
rs11668601	2.74082e-08
rs3135383	2.74085e-08
rs273506	2.7429e-08
rs12793288	2.75405e-08
rs34333163	2.75894e-08
rs2854011	2.76209e-08
rs4392743	2.76757e-08
rs34835	2.77055e-08
rs9937354	2.77225e-08
rs926593	2.77912e-08
rs57292959	2.78553e-08
rs2819349	2.79191e-08
rs8108871	2.79803e-08
rs151303	2.80836e-08
rs11481863	2.80903e-08
rs11012737	2.81018e-08
rs181195	2.82374e-08
rs240704	2.82867e-08
rs72795232	2.82947e-08
rs2820318	2.83266e-08
rs12626122	2.83766e-08
rs61129347	2.83799e-08
rs7763411	2.83969e-08
rs72999449	2.84316e-08
rs271140	2.8525e-08
rs12724708	2.85835e-08
rs1338011	2.86379e-08
rs1243187	2.86615e-08
rs3134942	2.86662e-08
rs10828247	2.87105e-08
rs1265757	2.87606e-08
rs2395149	2.88129e-08
rs9940128	2.89076e-08
rs11747527	2.89838e-08
rs11012750	2.90057e-08
rs2820317	2.90721e-08
rs885683	2.9212e-08
rs60394484	2.92619e-08
rs12783517	2.92956e-08
rs386480	2.93566e-08
rs6923702	2.93628e-08
rs76510133	2.93764e-08
rs7090708	2.9471e-08
rs6561560	2.95218e-08
rs3129927	2.96016e-08
rs28564269	2.96021e-08
rs7202116	2.96773e-08
rs1794282	2.98552e-08
rs2225612	2.99091e-08
rs7202296	2.99566e-08
rs4444694	3.00041e-08
rs11450190	3.00135e-08
rs9265937	3.01088e-08
rs9265939	3.01088e-08
rs910051	3.01444e-08
rs10410017	3.01925e-08
rs17817497	3.01943e-08
rs776659896	3.02869e-08
rs7749555	3.03376e-08
rs17641157	3.04281e-08
rs13002079	3.04686e-08
rs7748925	3.04894e-08
rs9276933	3.0595e-08
rs7632040	3.05992e-08
rs11075989	3.06805e-08
rs11075990	3.06805e-08
rs11075991	3.06805e-08
rs35587371	3.06923e-08
rs62120372	3.09769e-08
rs9940278	3.10016e-08
rs28393425	3.1083e-08
rs4399872	3.11185e-08
rs3135394	3.1154e-08
rs7187250	3.12271e-08
rs9265938	3.1244e-08
rs2819351	3.13124e-08
rs2820309	3.13525e-08
rs6779840	3.15444e-08
rs62033408	3.15867e-08
rs1050816	3.16532e-08
rs73027302	3.16788e-08
rs1400684	3.17407e-08
rs3006956	3.1751e-08
rs9855622	3.18224e-08
rs271121	3.18386e-08
rs10827617	3.18831e-08
rs7990293	3.20479e-08
rs56208430	3.24058e-08
rs4779525	3.24513e-08
rs9930333	3.24547e-08
rs9930397	3.24547e-08
rs6940757	3.2456e-08
rs273488	3.25175e-08
rs55878006	3.26535e-08
rs4290060	3.26687e-08
rs10468280	3.3089e-08
rs11666281	3.31349e-08
rs66908032	3.3531e-08
rs537872025	3.35364e-08
rs762921988	3.354e-08
rs271180	3.36615e-08
rs7185735	3.36882e-08
rs780096	3.37004e-08
rs796856741	3.37239e-08
rs3094012	3.38105e-08
rs10191450	3.38191e-08
rs3132473	3.38231e-08
rs12288519	3.39755e-08
rs2384987	3.42962e-08
rs12277989	3.44481e-08
rs12281547	3.44529e-08
rs6745071	3.44753e-08
rs9926289	3.46216e-08
rs34344846	3.46927e-08
rs6066118	3.4695e-08
rs2819348	3.4728e-08
rs2820323	3.48942e-08
rs62405568	3.49854e-08
rs56313538	3.50897e-08
rs9310379	3.51522e-08
rs12625149	3.51836e-08
rs9373036	3.52905e-08
rs2644121	3.5415e-08
rs7104259	3.55268e-08
rs11010647	3.55528e-08
rs13333747	3.56058e-08
rs9939609	3.57294e-08
rs7190396	3.57633e-08
rs756151976	3.57656e-08
rs7206122	3.57916e-08
rs11075988	3.58325e-08
rs11075992	3.58325e-08
rs6088595	3.59524e-08
rs2155002	3.59934e-08
rs2155003	3.59934e-08
rs67159833	3.60748e-08
rs677585	3.61081e-08
rs3751814	3.61142e-08
rs9936385	3.61804e-08
rs9923233	3.61804e-08
rs9923312	3.61804e-08
rs9268219	3.61821e-08
rs17237018	3.6301e-08
rs11844206	3.63611e-08
rs71475382	3.63781e-08
rs72803697	3.63852e-08
rs62033403	3.63852e-08
rs62033404	3.63852e-08
rs9937521	3.66301e-08
rs9493458	3.66395e-08
rs56345650	3.66648e-08
rs71475381	3.68425e-08
rs62503282	3.68614e-08
rs568974867	3.69796e-08
rs780095	3.69954e-08
rs9935401	3.70872e-08
rs7127935	3.71049e-08
rs180744	3.71903e-08
rs1121980	3.72478e-08
rs299654	3.73285e-08
rs7206410	3.7442e-08
rs875097	3.74862e-08
rs379362	3.77626e-08
rs7383481	3.80331e-08
rs17817964	3.81103e-08
rs6782475	3.82419e-08
rs8017877	3.83205e-08
rs3818008	3.8342e-08
rs9267123	3.84102e-08
rs12979238	3.84526e-08
rs4851388	3.85731e-08
rs56373944	3.87208e-08
rs3132956	3.87412e-08
rs11693851	3.87442e-08
rs148745415	3.88688e-08
rs9826044	3.88835e-08
rs981388	3.89219e-08
rs451165	3.89327e-08
rs7751379	3.90379e-08
rs11236207	3.91123e-08
rs1892962	3.92455e-08
rs72808430	3.93515e-08
rs10140111	3.94725e-08
rs34684954	3.95009e-08
rs1699351	3.95163e-08
rs150543119	3.95298e-08
rs72999466	3.98189e-08
rs12770228	3.9937e-08
rs1634753	3.99495e-08
rs9385632	3.99866e-08
rs11674199	4.0034e-08
rs12373724	4.02061e-08
rs56094641	4.03548e-08
rs375954718	4.03948e-08
rs62426670	4.03948e-08
rs55678963	4.03948e-08
rs9267092	4.05432e-08
rs12441543	4.0545e-08
rs3006961	4.05575e-08
rs3836459	4.06207e-08
rs4810576	4.06838e-08
rs777570833	4.07523e-08
rs28562191	4.07523e-08
rs1797889	4.0759e-08
rs34919626	4.07674e-08
rs180743	4.08035e-08
rs1625792	4.08053e-08
rs112188874	4.08243e-08
rs11666906	4.10447e-08
rs2655267	4.10543e-08
rs62120366	4.11856e-08
rs7193144	4.12372e-08
rs61850044	4.12407e-08
rs9596197	4.12642e-08
rs11236176	4.13377e-08
rs6442252	4.13734e-08
rs71475380	4.13906e-08
rs117283488	4.14636e-08
rs4850955	4.14739e-08
rs11781222	4.15244e-08
rs151174	4.15337e-08
rs11671389	4.15562e-08
rs6768611	4.16007e-08
rs12336285	4.16641e-08
rs11844119	4.18543e-08
rs6122563	4.18616e-08
rs2004134	4.1891e-08
rs151178	4.19061e-08
rs9389047	4.19243e-08
rs3818009	4.1942e-08
rs11236175	4.19586e-08
rs79622589	4.20286e-08
rs62048402	4.20855e-08
rs1558902	4.20855e-08
rs62033399	4.22892e-08
rs2038608	4.23226e-08
rs3818006	4.24128e-08
rs12712085	4.25494e-08
rs35626515	4.25644e-08
rs55990904	4.25838e-08
rs1421085	4.26084e-08
rs200017044	4.26239e-08
rs9883955	4.27233e-08
rs11642015	4.30346e-08
rs3824875	4.30618e-08
rs759708025	4.31671e-08
rs759777208	4.33857e-08
rs6066226	4.37435e-08
rs6122561	4.38083e-08
rs34673581	4.38514e-08
rs11010648	4.41686e-08
rs2819346	4.4189e-08
rs3784235	4.41957e-08
rs7764524	4.42292e-08
rs6745082	4.42339e-08
rs2523495	4.42412e-08
rs11376374	4.44507e-08
rs299658	4.45109e-08
rs6124967	4.46542e-08
rs2250377	4.48978e-08
rs8115769	4.49381e-08
rs3036508	4.50321e-08
rs762737767	4.50635e-08
rs2003181	4.514e-08
rs6018330	4.5255e-08
rs9869423	4.52677e-08
rs142116351	4.52794e-08
rs6753449	4.55322e-08
rs6018329	4.55428e-08
rs6122564	4.55496e-08
rs6792718	4.56343e-08
rs4684775	4.57074e-08
rs3129856	4.577e-08
rs4779526	4.58132e-08
rs3129855	4.58206e-08
rs9276772	4.59285e-08
rs73027298	4.61625e-08
rs11625865	4.65253e-08
rs9399051	4.65464e-08
rs10139450	4.66123e-08
rs2225579	4.6852e-08
rs880616	4.68522e-08
rs11474729	4.69476e-08
rs2964486	4.70106e-08
rs954163	4.70108e-08
rs201853159	4.70745e-08
rs368739796	4.70745e-08
rs3825761	4.71178e-08
rs3129945	4.72455e-08
rs10112467	4.73202e-08
rs4808745	4.74706e-08
rs72977282	4.74743e-08
rs9400516	4.75007e-08
rs111563612	4.78402e-08
rs6124965	4.81402e-08
rs6124968	4.82154e-08
rs2236382	4.83512e-08
rs2065471	4.84024e-08
rs7151594	4.84094e-08
rs9389034	4.84453e-08
rs1667747	4.8788e-08
rs9321374	4.89536e-08
rs8051591	4.90018e-08
rs12971883	4.90094e-08
rs6018327	4.91049e-08
rs419788	4.91067e-08
rs73029213	4.94498e-08
rs41519246	4.95094e-08
rs9814907	4.95188e-08
rs138137055	4.9542e-08
rs895522	4.95923e-08
rs3818010	4.95992e-08
rs6758160	4.96538e-08
rs73194445	4.96819e-08
rs3851164	4.97246e-08
rs10139596	4.9804e-08
rs3129843	4.98338e-08
