SNP	key	chrom_x	position_x	tmfi_rsid	tmfi_beta	tmfi_se	tmfi_n	tmfi_af	chrom_y	position_y	out_rsid	out_beta	out_se	out_n	out_af
rs731839	19033899065	19	33899065	rs731839	0.267071	0.0142463	46347	0.666516	19	33899065	rs731839	0.00239514	0.00749075	403025	0.656666
rs13083375	3012365308	3	12365308	rs13083375	0.294211	0.0205252	46298	0.120275	3	12365308	rs13083375	-0.0115154	0.00947021	403025	0.17118
rs749170	13022350875	13	22350875	rs749170	0.191398	0.0142881	45258	0.336316	13	22350875	rs749170	0.00881796	0.00744974	403025	0.353735
rs11010551	10036466053	10	36466053	rs11010551	-0.155875	0.0137149	46347	0.381298	10	36466053	rs11010551	0.0154459	0.00738107	403025	0.375379
rs4762753	12020579969	12	20579969	rs4762753	0.168405	0.0166401	46347	0.201049	12	20579969	rs4762753	0.00986538	0.00819679	403025	0.253445
rs2791553	1219676042	1	219676042	rs2791553	-0.133217	0.013544	46347	0.593027	1	219676042	rs2791553	-0.0183506	0.00728293	403025	0.602763
rs3777866	6133796586	6	133796586	rs3777866	0.13976	0.0142905	46347	0.320441	6	133796586	rs3777866	-0.00791958	0.00827895	403025	0.249327
rs639095	1210466818	1	210466818	rs639095	-0.171962	0.01764	46279	0.174507	1	210466818	rs639095	-0.0061809	0.008409	403025	0.236002
rs17055814	5157967725	5	157967725	rs17055814	0.147145	0.0152832	46203	0.259518	5	157967725	rs17055814	-0.0110255	0.0076416	403025	0.319042
rs2335819	12003389921	12	3389921	rs2335819	0.106892	0.0136366	46347	0.60087	12	3389921	rs2335819	-0.0138979	0.00727145	403025	0.600699
rs1075403	19018384950	19	18384950	rs1075403	-0.102813	0.0138886	46347	0.636125	19	18384950	rs1075403	8.47944e-06	0.00754107	403025	0.666504
rs942031	13050253488	13	50253488	rs942031	0.109806	0.0151412	46330	0.735463	13	50253488	rs942031	0.00805893	0.00801742	403025	0.730404
rs6890502	5068055033	5	68055033	rs6890502	0.170726	0.0237958	46179	0.086273	5	68055033	rs6890502	-0.0178216	0.00978144	403025	0.157516
rs1105797	9133051139	9	133051139	rs1105797	0.0967812	0.0135167	45425	0.512691	9	133051139	rs1105797	0.00108149	0.00714913	403025	0.534311
rs2138157	2227103717	2	227103717	rs2138157	-0.0988991	0.0139809	46232	0.649626	2	227103717	rs2138157	0.0101444	0.0074064	403025	0.639318
rs11678046	2072190463	2	72190463	rs11678046	0.0979796	0.0139865	45079	0.618004	2	72190463	rs11678046	0.00486674	0.00750589	403025	0.654269
rs2903940	20045796660	20	45796660	rs2903940	0.0893253	0.0134461	45427	0.500374	20	45796660	rs2903940	-0.001886	0.00713838	403025	0.530868
rs62036614	16028824685	16	28824685	rs62036614	0.0902004	0.0136676	46347	0.397102	16	28824685	rs62036614	2.16971e-05	0.00723329	403025	0.414369
rs1412956	20045557017	20	45557017	rs1412956	-0.0906843	0.0138295	44510	0.422849	20	45557017	rs1412956	0.00157855	0.00715821	403025	0.459702
rs6738097	2101578542	2	101578542	rs6738097	-0.121716	0.0191813	46294	0.141671	2	101578542	rs6738097	0.0118772	0.0096962	403025	0.160863
rs11822234	11074385146	11	74385146	rs11822234	-0.0858175	0.0135819	46347	0.404924	11	74385146	rs11822234	-0.00747461	0.00756003	403025	0.334106
rs6807940	3038460062	3	38460062	rs6807940	-0.0859553	0.0136484	46347	0.607375	3	38460062	rs6807940	-0.00375788	0.00719738	403025	0.567412
rs1150752	6032064726	6	32064726	rs1150752	0.122757	0.0196202	46347	0.132738	6	32064726	rs1150752	0.039129	0.0123357	403025	0.0907044
rs67928618	17070240085	17	70240085	rs67928618	-0.0968606	0.015885	46347	0.228742	17	70240085	rs67928618	0.00967463	0.00852109	403025	0.225165
rs2337143	18046482070	18	46482070	rs2337143	-0.0867356	0.0143149	44677	0.657318	18	46482070	rs2337143	0.00555782	0.00740833	403025	0.636252
rs1260326	2027730940	2	27730940	rs1260326	-0.0817838	0.0136883	46347	0.608874	2	27730940	rs1260326	0.00899096	0.00748119	403025	0.650403
rs1671064	11066327673	11	66327673	rs1671064	-0.0797454	0.0133836	46347	0.551826	11	66327673	rs1671064	0.000442372	0.00763788	403025	0.67579
rs10501845	11095947284	11	95947284	rs10501845	0.129933	0.0218683	45837	0.105373	11	95947284	rs10501845	0.00171044	0.0114775	403025	0.108357
rs9867989	3024291197	3	24291197	rs9867989	-0.123072	0.0208072	46280	0.116443	3	24291197	rs9867989	0.0142377	0.0110181	403025	0.118415
rs11012732	10021830104	10	21830104	rs11012732	0.0840337	0.0142143	46151	0.328487	10	21830104	rs11012732	0.0291331	0.00765391	403025	0.315002
rs905938	1154991389	1	154991389	rs905938	-0.0893713	0.0152242	46347	0.265325	1	154991389	rs905938	-0.00403946	0.00844624	403025	0.232489
rs55760516	2220354108	2	220354108	rs55760516	0.0834055	0.0142563	46347	0.323689	2	220354108	rs55760516	-0.00449582	0.00761432	403025	0.321395
rs12454712	18060845884	18	60845884	rs12454712	0.0801826	0.0137503	46347	0.377479	18	60845884	rs12454712	-0.00491074	0.00714272	403025	0.488438
rs9941349	16053825488	16	53825488	rs9941349	0.0785875	0.0136298	46347	0.410588	16	53825488	rs9941349	0.0175903	0.00723306	403025	0.411288
rs13114738	4103284865	4	103284865	rs13114738	0.143506	0.0249209	46244	0.0779128	4	103284865	rs13114738	0.0542931	0.0238755	403025	0.0235221
rs3744311	17070407856	17	70407856	rs3744311	0.0782027	0.0140269	46347	0.344294	17	70407856	rs3744311	-0.0100386	0.00719373	403025	0.44065
rs12626122	20033425800	20	33425800	rs12626122	-0.0767172	0.01382	45956	0.376142	20	33425800	rs12626122	0.0138204	0.00729194	403025	0.396132
rs60394484	8145124613	8	145124613	rs60394484	-0.168967	0.0304675	46347	0.051136	8	145124613	rs60394484	-0.0254152	0.0180017	403025	0.0409066
rs2819348	1201884952	1	201884952	rs2819348	0.07694	0.0139491	46347	0.352385	1	201884952	rs2819348	0.00593119	0.00776659	403025	0.301418
rs11781222	8023389571	8	23389571	rs11781222	-0.10661	0.0194393	45816	0.13803	8	23389571	rs11781222	0.0145985	0.0124467	403025	0.0914972
rs9883955	3134372486	3	134372486	rs9883955	0.0755542	0.0137893	46347	0.625618	3	134372486	rs9883955	0.00813043	0.00770938	403025	0.692681
rs11625865	14105644421	14	105644421	rs11625865	-0.074708	0.0136725	46347	0.61128	14	105644421	rs11625865	-0.00732071	0.00735459	403025	0.626923
