SNP	key	chrom_x	position_x	tmfi_rsid	tmfi_beta	tmfi_se	tmfi_n	tmfi_af	chrom_y	position_y	bmi_rsid	bmi_beta	bmi_se	bmi_n	bmi_af	chrom	position	out_rsid	out_beta	out_se	out_n	out_af
rs1421085	16053800954	16	53800954	rs1421085	0.0749713	0.0136817	46347	0.399745	16	53800954	rs1421085	0.0813	0.0031	318182.0	0.45	16	53800954	rs1421085	0.0109299	0.00414488	499362	0.418141
rs731839	19033899065	19	33899065	rs731839	0.267071	0.0142463	46347	0.666516	19	33899065	rs731839	0.0069	0.0033	321597.0	0.6667	19	33899065	rs731839	0.00706368	0.00430776	499362	0.656935
rs571312	18057839769	18	57839769	rs571312	0.0360435	0.0157873	46347	0.234492	18	57839769	rs571312	0.0553	0.0036	321876.0	0.2833	18	57839769	rs571312	-0.00726961	0.00526519	499362	0.184819
rs2867110	2000651105	2	651105	rs2867110	-0.0580877	0.0176868	46330	0.171638	2	651105	rs2867110	-0.0598	0.004	322079.0	0.125	2	651105	rs2867110	-3.59477e-05	0.00554695	499362	0.162479
rs13083375	3012365308	3	12365308	rs13083375	0.294211	0.0205252	46298	0.120275	3	12365308	rs13083375	0.0238	0.0046	322090.0	0.075	3	12365308	rs13083375	0.00256048	0.00543651	499362	0.170856
rs749170	13022350875	13	22350875	rs749170	0.191398	0.0142881	45258	0.336316	13	22350875	rs749170	0.0056	0.004	233998.0	0.3583	13	22350875	rs749170	0.00780415	0.00428134	499362	0.353844
rs10938397	4045182527	4	45182527	rs10938397	0.0205291	0.0135123	46347	0.435951	4	45182527	rs10938397	0.0402	0.0031	320955.0	0.4333	4	45182527	rs10938397	0.000520154	0.00410756	499362	0.473709
rs543874	1177889480	1	177889480	rs543874	0.0244413	0.0164798	46347	0.206637	1	177889480	rs543874	0.0482	0.0039	322008.0	0.2667	1	177889480	rs543874	-0.0150946	0.0053289	499362	0.179287
rs11010551	10036466053	10	36466053	rs11010551	-0.155875	0.0137149	46347	0.381298	10	36466053	rs11010551	-0.0087	0.0038	233907.0	0.4083	10	36466053	rs11010551	0.00464179	0.00424274	499362	0.375149
rs4715210	6050897251	6	50897251	rs4715210	0.0320822	0.0178702	46347	0.167627	6	50897251	rs4715210	0.0444	0.004	322141.0	0.1	6	50897251	rs4715210	0.00962216	0.00508862	499362	0.202267
rs11030104	11027684517	11	27684517	rs11030104	0.000365336	0.0165817	46262	0.203407	11	27684517	rs11030104	-0.0414	0.0038	322103.0	0.2	11	27684517	rs11030104	0.00639387	0.00550085	499362	0.165853
rs3101336	1072751185	1	72751185	rs3101336	0.0231524	0.0135546	46347	0.595465	1	72751185	rs3101336	0.0334	0.0031	316872.0	0.6491	1	72751185	rs3101336	0.0076262	0.00428555	499362	0.645781
rs7138803	12050247468	12	50247468	rs7138803	0.028499	0.0138278	46347	0.366572	12	50247468	rs7138803	0.0315	0.0031	322092.0	0.4417	12	50247468	rs7138803	-0.00610097	0.00422257	499362	0.382366
rs10182181	2025150296	2	25150296	rs10182181	0.0269424	0.0134155	46028	0.48515	2	25150296	rs10182181	0.0307	0.0031	321759.0	0.5	2	25150296	rs10182181	0.0103801	0.00414862	499362	0.41894
rs3888190	16028889486	16	28889486	rs3888190	0.0883385	0.0136666	46344	0.39593	16	28889486	rs3888190	0.0309	0.0031	321930.0	0.3583	16	28889486	rs3888190	-0.00973932	0.00415947	499362	0.413387
rs2791553	1219676042	1	219676042	rs2791553	-0.133217	0.013544	46347	0.593027	1	219676042	rs2791553	-0.0044	0.0038	233943.0	0.5917	1	219676042	rs2791553	0.00970799	0.00418482	499362	0.603117
rs3777866	6133796586	6	133796586	rs3777866	0.13976	0.0142905	46347	0.320441	6	133796586	rs3777866	0.0006	0.0041	233922.0	0.3333	6	133796586	rs3777866	0.00757423	0.00474712	499362	0.24943
rs4234589	3185818882	3	185818882	rs4234589	-0.0448357	0.0195178	46171	0.136666	3	185818882	rs4234589	-0.0447	0.0046	320707.0	0.0917	3	185818882	rs4234589	-0.00152883	0.00682224	499362	0.0998766
rs17055814	5157967725	5	157967725	rs17055814	0.147145	0.0152832	46203	0.259518	5	157967725	rs17055814	0.0057	0.0042	233948.0	0.225	5	157967725	rs17055814	-0.00199503	0.00439476	499362	0.318552
rs10841520	12020586395	12	20586395	rs10841520	0.15996	0.0170103	44785	0.198336	12	20586395	rs10841520	0.0034	0.0047	232196.0	0.2083	12	20586395	rs10841520	0.0019024	0.00477867	499362	0.247089
rs11672660	19046180184	19	46180184	rs11672660	-0.0172207	0.0168558	46342	0.195406	19	46180184	rs11672660	-0.0345	0.004	297174.0	0.175	19	46180184	rs11672660	-0.00567504	0.00469023	499362	0.258212
rs2241423	15068086838	15	68086838	rs2241423	-0.035124	0.0158949	46347	0.227221	15	68086838	rs2241423	-0.031	0.0037	322117.0	0.2167	15	68086838	rs2241423	-0.00667433	0.00556592	499362	0.160997
rs3817334	11047650993	11	47650993	rs3817334	-0.000200985	0.0135815	46347	0.407524	11	47650993	rs3817334	0.0262	0.0031	321959.0	0.45	11	47650993	rs3817334	-0.000119836	0.0041848	499362	0.396985
rs2112347	5075015242	5	75015242	rs2112347	-0.01942	0.0139412	46347	0.359462	5	75015242	rs2112347	-0.0261	0.0031	322019.0	0.375	5	75015242	rs2112347	0.00449114	0.00415599	499362	0.412891
rs7141420	14079899454	14	79899454	rs7141420	0.0227003	0.0135569	45211	0.515992	14	79899454	rs7141420	0.0235	0.0031	321970.0	0.6167	14	79899454	rs7141420	-0.00193226	0.00415966	499362	0.59023
rs13098327	3085820181	3	85820181	rs13098327	-0.0165366	0.0167691	46063	0.201029	3	85820181	rs13098327	0.0295	0.0039	322055.0	0.1833	3	85820181	rs13098327	0.00968037	0.00540892	499362	0.172735
rs16930370	12003387697	12	3387697	rs16930370	-0.134898	0.0177423	45864	0.172357	12	3387697	rs16930370	0.001	0.0049	233890.0	0.175	12	3387697	rs16930370	-0.00255817	0.00543723	499362	0.17123
rs10968576	9028414339	9	28414339	rs10968576	0.0244911	0.0143177	46347	0.323538	9	28414339	rs10968576	0.0249	0.0033	322061.0	0.2917	9	28414339	rs10968576	-0.00514098	0.00422292	499362	0.375979
rs1075403	19018384950	19	18384950	rs1075403	-0.102813	0.0138886	46347	0.636125	19	18384950	rs1075403	-0.0016	0.0032	321845.0	0.6583	19	18384950	rs1075403	-0.00288309	0.00433637	499362	0.666555
rs737250	13050251539	13	50251539	rs737250	0.109648	0.0151454	46320	0.735557	13	50251539	rs737250	0.0045	0.0043	234000.0	0.6333	13	50251539	rs737250	0.0111012	0.0046086	499362	0.730376
rs657452	1049589847	1	49589847	rs657452	-0.0231091	0.0138085	45663	0.610045	1	49589847	rs657452	-0.0227	0.0031	313651.0	0.5833	1	49589847	rs657452	0.0080255	0.00414166	499362	0.573251
rs1105797	9133051139	9	133051139	rs1105797	0.0967812	0.0135167	45425	0.512691	9	133051139	rs1105797	-0.0039	0.0038	233978.0	0.4917	9	133051139	rs1105797	-0.00221956	0.0041112	499362	0.534173
rs12429545	13054102206	13	54102206	rs12429545	0.0156102	0.0200946	45587	0.128951	13	54102206	rs12429545	0.0334	0.0047	312934.0	0.1	13	54102206	rs12429545	0.00615283	0.00589758	499362	0.140612
rs12286929	11115022404	11	115022404	rs12286929	0.0131592	0.0134036	46262	0.526393	11	115022404	rs12286929	0.0217	0.0031	321903.0	0.4333	11	115022404	rs12286929	0.00491607	0.00410774	499362	0.524063
rs2138157	2227103717	2	227103717	rs2138157	-0.0988991	0.0139809	46232	0.649626	2	227103717	rs2138157	-0.0133	0.0032	316069.0	0.6167	2	227103717	rs2138157	0.0101696	0.00425719	499362	0.639499
rs13107325	4103188709	4	103188709	rs13107325	0.133114	0.0260851	46347	0.070846	4	103188709	rs13107325	0.0477	0.0068	321461.0	0.1167	4	103188709	rs13107325	0.0219832	0.01739	499362	0.0140458
rs11165643	1096924097	1	96924097	rs11165643	0.0216868	0.0136383	46194	0.592869	1	96924097	rs11165643	0.0218	0.0031	320730.0	0.575	1	96924097	rs11165643	0.010844	0.00418185	499362	0.60303
rs11678046	2072190463	2	72190463	rs11678046	0.0979796	0.0139865	45079	0.618004	2	72190463	rs11678046	0.0038	0.004	232392.0	0.6	2	72190463	rs11678046	-0.00133585	0.00431007	499362	0.653918
rs6656785	1075005776	1	75005776	rs6656785	-0.0031294	0.0136914	46185	0.393115	1	75005776	rs6656785	0.0217	0.0031	321410.0	0.3833	1	75005776	rs6656785	0.00695111	0.00413773	499362	0.432164
rs7903146	10114758349	10	114758349	rs7903146	0.0182927	0.014678	46347	0.291033	10	114758349	rs7903146	-0.0234	0.0034	322130.0	0.25	10	114758349	rs7903146	-0.0129701	0.00512983	499362	0.199256
rs10132280	14025928179	14	25928179	rs10132280	0.00583263	0.0147063	45477	0.300196	14	25928179	rs10132280	-0.023	0.0034	321797.0	0.3333	14	25928179	rs10132280	-0.00806518	0.00430427	499362	0.347805
rs1016287	2059305625	2	59305625	rs1016287	-0.0144559	0.0145938	46248	0.700819	2	59305625	rs1016287	-0.0229	0.0034	321969.0	0.675	2	59305625	rs1016287	0.00765545	0.00468359	499362	0.743194
rs10840100	11008669437	11	8669437	rs10840100	0.0232183	0.0140245	46196	0.653433	11	8669437	rs10840100	0.0209	0.0031	322069.0	0.725	11	8669437	rs10840100	0.0033348	0.00428425	499362	0.647931
rs2903940	20045796660	20	45796660	rs2903940	0.0893253	0.0134461	45427	0.500374	20	45796660	rs2903940	-0.0112	0.0031	321229.0	0.475	20	45796660	rs2903940	0.00409111	0.00410375	499362	0.5309269999999999
rs8097783	18058051294	18	58051294	rs8097783	0.000811798	0.0258771	46347	0.0717522	18	58051294	rs8097783	-0.0398	0.006	321916.0	0.1167	18	58051294	rs8097783	0.000640494	0.0103163	499362	0.0412178
rs2588785	8076636191	8	76636191	rs2588785	-0.00601271	0.0150212	46340	0.270058	8	76636191	rs2588785	-0.0227	0.0034	322082.0	0.3167	8	76636191	rs2588785	-0.00212073	0.00461575	499362	0.269
rs1412956	20045557017	20	45557017	rs1412956	-0.0906843	0.0138295	44510	0.422849	20	45557017	rs1412956	-0.0118	0.0038	233979.0	0.3917	20	45557017	rs1412956	0.00725259	0.0041156	499362	0.459318
rs17094222	10102395440	10	102395440	rs17094222	0.00710025	0.0163603	45997	0.213144	10	102395440	rs17094222	0.0249	0.0038	321770.0	0.2083	10	102395440	rs17094222	0.00108864	0.00480815	499362	0.239661
rs7599312	2213413231	2	213413231	rs7599312	-0.00585776	0.0153534	44940	0.266767	2	213413231	rs7599312	-0.022	0.0034	322024.0	0.2917	2	213413231	rs7599312	0.00667318	0.00446494	499362	0.303196
rs205262	6034563164	6	34563164	rs205262	0.0077142	0.015051	46267	0.266259	6	34563164	rs205262	0.0221	0.0035	315542.0	0.2667	6	34563164	rs205262	0.0143027	0.0045488	499362	0.281114
rs2820292	1201784287	1	201784287	rs2820292	0.0479805	0.0133949	46347	0.564578	1	201784287	rs2820292	0.0195	0.0031	321707.0	0.5083	1	201784287	rs2820292	-0.00106316	0.00411743	499362	0.55126
rs9926784	16019941968	16	19941968	rs9926784	-0.0458684	0.017369	46347	0.181954	16	19941968	rs9926784	-0.0265	0.0042	316274.0	0.2083	16	19941968	rs9926784	0.0012039	0.00542745	499362	0.171617
rs6738097	2101578542	2	101578542	rs6738097	-0.121716	0.0191813	46294	0.141671	2	101578542	rs6738097	-0.0075	0.0053	233980.0	0.1583	2	101578542	rs6738097	0.00895567	0.0055735	499362	0.160459
rs11822234	11074385146	11	74385146	rs11822234	-0.0858175	0.0135819	46347	0.404924	11	74385146	rs11822234	-0.0071	0.0038	233069.0	0.45	11	74385146	rs11822234	-0.00940021	0.00434174	499362	0.333778
rs6807940	3038460062	3	38460062	rs6807940	-0.0859553	0.0136484	46347	0.607375	3	38460062	rs6807940	0.0101	0.0038	233402.0	0.7083	3	38460062	rs6807940	0.00641172	0.00413224	499362	0.567415
rs16851483	3141275436	3	141275436	rs16851483	0.025656	0.026915	46332	0.0658724	3	141275436	rs16851483	0.0483	0.0077	233929.0	0.0917	3	141275436	rs16851483	0.00460777	0.00951657	499362	0.0485063
rs1150752	6032064726	6	32064726	rs1150752	0.122757	0.0196202	46347	0.132738	6	32064726	rs1150752	0.0115	0.0058	272201.0	0.1	6	32064726	rs1150752	0.040586	0.00710308	499362	0.0912922
rs17757020	1210396557	1	210396557	rs17757020	-0.148839	0.0240568	46096	0.0853545	1	210396557	rs17757020	-0.0065	0.0054	304766.0	0.08333	1	210396557	rs17757020	-0.0103414	0.00574263	499362	0.149989
rs1928295	9120378483	9	120378483	rs1928295	-0.0196649	0.0134618	46341	0.429954	9	120378483	rs1928295	-0.0188	0.0031	321979.0	0.425	9	120378483	rs1928295	-0.00446321	0.00409835	499362	0.512805
rs879620	16004015729	16	4015729	rs879620	0.0300927	0.0137297	45961	0.613792	16	4015729	rs879620	0.0244	0.004	233835.0	0.5917	16	4015729	rs879620	-0.00398473	0.00414749	499362	0.578919
rs2337143	18046482070	18	46482070	rs2337143	-0.0867356	0.0143149	44677	0.657318	18	46482070	rs2337143	0.0013	0.0042	230639.0	0.6667	18	46482070	rs2337143	0.00130243	0.0042563	499362	0.635821
rs11655984	17070240665	17	70240665	rs11655984	-0.0958477	0.0158928	46266	0.229002	17	70240665	rs11655984	0.0002	0.0062	170917.0	0.2083	17	70240665	rs11655984	-0.00213141	0.00489728	499362	0.225486
rs1260326	2027730940	2	27730940	rs1260326	-0.0817838	0.0136883	46347	0.608874	2	27730940	rs1260326	0.0124	0.0032	314594.0	0.6	2	27730940	rs1260326	-0.00452194	0.00429578	499362	0.650158
rs6804842	3025106437	3	25106437	rs6804842	0.0290555	0.0135825	45759	0.574018	3	25106437	rs6804842	0.0185	0.0031	321463.0	0.575	3	25106437	rs6804842	-0.00534106	0.00410451	499362	0.533844
rs1671064	11066327673	11	66327673	rs1671064	-0.0797454	0.0133836	46347	0.551826	11	66327673	rs1671064	-0.0039	0.0037	233965.0	0.5417	11	66327673	rs1671064	-0.00390201	0.00438394	499362	0.675831
rs4771122	13028020180	13	28020180	rs4771122	-0.0268371	0.0158604	46347	0.77115	13	28020180	rs4771122	-0.0274	0.0046	233408.0	0.7417	13	28020180	rs4771122	0.00478652	0.00433515	499362	0.65952
rs10501845	11095947284	11	95947284	rs10501845	0.129933	0.0218683	45837	0.105373	11	95947284	rs10501845	-0.0026	0.0062	233777.0	0.15	11	95947284	rs10501845	0.0186265	0.0066045	499362	0.10834
rs1167800	7075176196	7	75176196	rs1167800	0.0254484	0.0134512	46347	0.554987	7	75176196	rs1167800	0.0195	0.0033	290898.0	0.5167	7	75176196	rs1167800	0.00413417	0.00409064	499362	0.515757
rs7098100	10021834536	10	21834536	rs7098100	0.0830072	0.0140776	46347	0.337001	10	21834536	rs7098100	0.0122	0.0041	222164.0	0.3083	10	21834536	rs7098100	0.0271209	0.00437679	499362	0.322329
rs905938	1154991389	1	154991389	rs905938	-0.0893713	0.0152242	46347	0.265325	1	154991389	rs905938	0.0143	0.0037	321732.0	0.325	1	154991389	rs905938	0.00695266	0.00484696	499362	0.232906
rs4740619	9015634326	9	15634326	rs4740619	-0.0322762	0.0134214	46264	0.450534	9	15634326	rs4740619	-0.0179	0.0031	321887.0	0.4667	9	15634326	rs4740619	-0.00781399	0.00409775	499362	0.512369
rs13191362	6163033350	6	163033350	rs13191362	-0.0146839	0.0203276	46177	0.125116	6	163033350	rs13191362	-0.0277	0.0048	321902.0	0.2	6	163033350	rs13191362	-0.0244454	0.00855153	499362	0.061155
rs3736485	15051748610	15	51748610	rs3736485	-0.0100668	0.0135211	45887	0.542191	15	51748610	rs3736485	-0.0176	0.0031	321398.0	0.575	15	51748610	rs3736485	-0.0031336	0.00415866	499362	0.587261
rs17001654	4077129568	4	77129568	rs17001654	0.0559706	0.0193298	45168	0.143442	4	77129568	rs17001654	0.0306	0.0053	233722.0	0.1583	4	77129568	rs17001654	-0.00897188	0.00643546	499362	0.115623
rs12986742	2058975143	2	58975143	rs12986742	0.00612172	0.0135089	45364	0.476865	2	58975143	rs12986742	0.0212	0.0037	233833.0	0.5	2	58975143	rs12986742	-0.00909687	0.00415469	499362	0.41657
rs1528435	2181550962	2	181550962	rs1528435	0.0187352	0.0137656	46231	0.617302	2	181550962	rs1528435	0.0178	0.0031	321924.0	0.5833	2	181550962	rs1528435	0.010575	0.00425895	499362	0.639841
rs1000940	17005283252	17	5283252	rs1000940	-0.0036956	0.0145392	46274	0.302481	17	5283252	rs1000940	0.0192	0.0034	321836.0	0.225	17	5283252	rs1000940	-0.00134046	0.00415511	499362	0.428773
rs9304665	19047602577	19	47602577	rs9304665	0.0087438	0.0157164	46191	0.763872	19	47602577	rs9304665	0.0249	0.0044	232644.0	0.7	19	47602577	rs9304665	0.00230391	0.00455821	499362	0.719163
rs11057405	12122781897	12	122781897	rs11057405	-0.0279661	0.0216738	46347	0.106102	12	122781897	rs11057405	-0.0307	0.0055	314111.0	0.0917	12	122781897	rs11057405	0.00805173	0.00703849	499362	0.0939516
rs2121279	2143043285	2	143043285	rs2121279	0.0305324	0.0201049	46062	0.126655	2	143043285	rs2121279	0.0245	0.0044	322065.0	0.1167	2	143043285	rs2121279	0.0153137	0.00490031	499362	0.225684
rs29941	19034309532	19	34309532	rs29941	0.0178653	0.0142634	46347	0.672179	19	34309532	rs29941	0.0182	0.0033	321970.0	0.6667	19	34309532	rs29941	0.00612581	0.00419944	499362	0.608536
rs3744311	17070407856	17	70407856	rs3744311	0.0782027	0.0140269	46347	0.344294	17	70407856	rs3744311	0.0048	0.0036	293635.0	0.2833	17	70407856	rs3744311	-0.00337227	0.00413318	499362	0.440709
rs11727676	4145659064	4	145659064	rs11727676	0.027491	0.0227881	46347	0.0948605	4	145659064	rs11727676	-0.0358	0.0064	296401.0	0.075	4	145659064	rs11727676	-0.00297719	0.0073283	499362	0.0854656
rs6477694	9111932342	9	111932342	rs6477694	0.00841498	0.0140768	45681	0.646056	9	111932342	rs6477694	-0.0174	0.0031	322048.0	0.6417	9	111932342	rs6477694	-0.00461372	0.00419207	499362	0.600297
rs12626122	20033425800	20	33425800	rs12626122	-0.0767172	0.01382	45956	0.376142	20	33425800	rs12626122	0.0156	0.0044	179514.0	0.4298	20	33425800	rs12626122	0.00837801	0.00419071	499362	0.396576
rs7899106	10087410904	10	87410904	rs7899106	0.0303269	0.0305491	46187	0.0499816	10	87410904	rs7899106	0.0395	0.0071	321770.0	0.05	10	87410904	rs7899106	-0.0027125	0.00993138	499362	0.0444473
rs2176598	11043864278	11	43864278	rs2176598	-0.0383355	0.0155715	46347	0.755615	11	43864278	rs2176598	-0.0198	0.0036	316848.0	0.8	11	43864278	rs2176598	-0.00624037	0.00462681	499362	0.733555
rs17724992	19018454825	19	18454825	rs17724992	-0.0150304	0.0150641	45859	0.26962	19	18454825	rs17724992	-0.0194	0.0035	319588.0	0.3083	19	18454825	rs17724992	-0.00746003	0.00491431	499362	0.223479
rs3800229	6108996963	6	108996963	rs3800229	0.00609229	0.0147607	46059	0.712988	6	108996963	rs3800229	0.0183	0.0033	322014.0	0.6917	6	108996963	rs3800229	0.00159129	0.00426081	499362	0.639225
rs11781222	8023389571	8	23389571	rs11781222	-0.10661	0.0194393	45816	0.13803	8	23389571	rs11781222	-0.0138	0.0047	321666.0	0.175	8	23389571	rs11781222	0.021616	0.00713163	499362	0.09137
rs11625865	14105644421	14	105644421	rs11625865	-0.074708	0.0136725	46347	0.61128	14	105644421	rs11625865	-0.0031	0.0042	216701.0	0.6167	14	105644421	rs11625865	0.000781285	0.00422868	499362	0.627033
rs2033732	8085079709	8	85079709	rs2033732	0.0228838	0.0153454	46347	0.745399	8	85079709	rs2033732	0.0192	0.0035	321406.0	0.7583	8	85079709	rs2033732	-0.00241497	0.00475407	499362	0.751552
