SNP,TMFI_F,BMI_F,TMFI_GWS,BMI_GWS,outcome,leverage,std_residual,cook_distance,abs_std_residual,cook_gt_4_over_n,abs_stdresid_gt_3
rs2867110,10.7862338512261,223.5025,False,True,CPI_full,0.04715842076391695,-2.063498165785217,0.10536993969813588,2.063498165785217,True,False
rs731839,351.438465575881,4.37190082644628,True,False,CPI_full,0.15343049468868292,0.9793446499264942,0.08691408840452455,0.9793446499264942,True,False
rs543874,2.1996051605625,152.744247205786,False,True,CPI_full,0.03608844632821701,-2.0663586791858424,0.07993048003252158,2.0663586791858424,True,False
rs13107325,26.0412877194054,49.206098615917,False,True,CPI_full,0.019202998349402395,2.317661291465498,0.05258475493466222,2.317661291465498,True,False
rs11822234,39.923688674625,3.4909972299169,True,False,CPI_full,0.01633062433981464,2.5139862892855005,0.05246255672635565,2.5139862892855005,True,False
rs571312,5.21240544020345,235.963734567901,False,True,CPI_full,0.051498655790116324,-1.0729278903700987,0.031251366814441184,1.0729278903700987,False,False
rs3817334,0.000218993798409,71.429760665973,False,True,CPI_full,0.01696008804568515,-1.8744255135290884,0.03030842231285207,1.8744255135290884,False,False
rs11030104,0.0004854302450644,118.695290858726,False,True,CPI_full,0.028410455230915517,-1.3605336763138451,0.027063499692091736,1.3605336763138451,False,False
rs11727676,1.45534126133267,31.2900390625,False,True,CPI_full,0.013724849953716083,1.901442483495819,0.025156250156430287,1.901442483495819,False,False
rs1808579,1.07755723029916,29.0208116545265,False,True,CPI_full,0.006407847351742566,-2.7424128997274617,0.0242515608335227,2.7424128997274617,False,False
rs657452,2.80074168482018,53.6201873048907,False,True,CPI_full,0.01115680431570923,2.065897454228639,0.024076863559123446,2.065897454228639,False,False
rs1075403,54.7998188800528,0.25,True,False,CPI_full,0.024176199470618397,1.39158558583036,0.02398868664303464,1.39158558583036,False,False
rs205262,0.262694558652068,39.8702040816327,False,True,CPI_full,0.009137902577245487,2.194345119955984,0.02220307766754183,2.194345119955984,False,False
rs16930370,57.8084313787121,0.041649312786339,True,False,CPI_full,0.026421351953609555,1.2249102109447687,0.020359284437256972,1.2249102109447687,False,False
rs10132280,0.157297569614122,45.7612456747405,False,True,CPI_full,0.011676855244210717,-1.7498355419084828,0.018088035504520233,1.7498355419084828,False,False
rs17724992,0.995530791119147,30.7232653061224,False,True,CPI_full,0.0068024129044460015,-2.266041408354293,0.01758462137846297,2.266041408354293,False,False
rs737250,52.4131104108209,1.09518658734451,True,False,CPI_full,0.021966821867614762,1.1465693377719923,0.014763328784210326,1.1465693377719923,False,False
rs17001654,8.3842690054556,33.3342826628693,False,True,CPI_full,0.011184896367567716,-1.5998002729977416,0.014474994606857831,1.5998002729977416,False,False
rs10938397,2.30824159430815,168.162330905307,False,True,CPI_full,0.03747907955820835,-0.8559563142612341,0.014264348580754527,0.8559563142612341,False,False
rs1260326,35.6973141926503,15.015625,True,False,CPI_full,0.024783470468264606,-1.035376473868974,0.013621585382072721,1.035376473868974,False,False
rs749170,179.442713708743,1.96,True,False,CPI_full,0.07679602235560982,-0.5632501109199568,0.013195128853328342,0.5632501109199568,False,False
rs3777866,95.6469080776137,0.0214158239143366,True,False,CPI_full,0.04278934826625308,-0.7538142106845218,0.012700674740648888,0.7538142106845218,False,False
rs11672660,1.04376531979089,74.390625,False,True,CPI_full,0.017704972674854397,-1.1328914740947544,0.011566446048710896,1.1328914740947544,False,False
rs3101336,2.91755211382246,116.083246618106,False,True,CPI_full,0.025012539773846067,0.8962932894588629,0.010304550602276752,0.8962932894588629,False,False
rs6477694,0.357353710325347,31.5046826222685,False,True,CPI_full,0.007812227767857574,1.4736509118565297,0.008549491108654383,1.4736509118565297,False,False
rs905938,34.4609455227652,14.9371804236669,True,False,CPI_full,0.024829757499103378,-0.8143369000377593,0.008442484480424423,0.8143369000377593,False,False
rs11010551,129.171779407068,5.24168975069252,True,False,CPI_full,0.05365368563257117,-0.5440409665060169,0.008390400210102037,0.5440409665060169,False,False
rs2337143,36.7128531541706,0.0958049886621315,True,False,CPI_full,0.017092764577656135,0.9805268941844086,0.00835966364208455,0.9805268941844086,False,False
rs2791553,96.7443048442843,1.34072022160665,True,False,CPI_full,0.041393022223610916,0.6198772227193238,0.008295984122430402,0.6198772227193238,False,False
rs7098100,34.7675659318644,8.85425342058299,True,False,CPI_full,0.01453206180930136,1.0578001800381849,0.008250153228112844,1.0578001800381849,False,False
rs6807940,39.6626599661389,7.06440443213296,True,False,CPI_full,0.024602807683614312,-0.7958032616912938,0.007987016923544506,0.7958032616912938,False,False
rs12286929,0.963864660758766,49.0,False,True,CPI_full,0.0110432092966341,-1.0035815834246422,0.00562332723297378,1.0035815834246422,False,False
rs7599312,0.145564012618671,41.8685121107266,False,True,CPI_full,0.008935622938650224,1.0874310066455222,0.005330849195410714,1.0874310066455222,False,False
rs29941,1.5688250076767,30.4168962350781,False,True,CPI_full,0.006690834014356065,1.2248497159975258,0.005052792096670018,1.2248497159975258,False,False
rs879620,4.80396921354466,37.21,False,True,CPI_full,0.012987337669104768,-0.8189083454636449,0.004412025424324103,0.8189083454636449,False,False
rs7141420,2.80377015357354,57.4661810613944,False,True,CPI_full,0.012310733671457743,-0.8394834747315997,0.004391955277032893,0.8394834747315997,False,False
rs2138157,50.0396680628506,17.2744140625,True,False,CPI_full,0.02071098490487424,-0.6288531383518501,0.0041817526308808636,0.6288531383518501,False,False
rs2820292,12.8307069923983,39.5681581685744,False,True,CPI_full,0.010697259384725051,0.8655278346419617,0.004050189996927938,0.8655278346419617,False,False
rs2241423,4.88306310733862,70.1972242512783,False,True,CPI_full,0.01556666062595524,-0.7106763631758475,0.00399321681066033,0.7106763631758475,False,False
rs16851483,0.908634297037871,39.3471074380165,False,True,CPI_full,0.013523876494853848,0.7516402225643775,0.003872617887585382,0.7516402225643775,False,False
rs6804842,4.57611868136887,35.6139438085328,False,True,CPI_full,0.0079337718857519,0.9694325696924666,0.0037578917097527633,0.9694325696924666,False,False
rs12986742,0.205355788730513,32.8298027757487,False,True,CPI_full,0.010573137110424095,-0.8341622259907042,0.0037178444039492322,0.8341622259907042,False,False
rs9304665,0.309523967415204,32.0253099173554,False,True,CPI_full,0.010641713264313669,0.824562265622015,0.0036565782712065873,0.824562265622015,False,False
rs2176598,6.06095924637462,30.25,False,True,CPI_full,0.007298193306604596,-0.9889999056621839,0.003595498026332251,0.9889999056621839,False,False
rs11655984,36.3716124923138,0.0010405827263267,True,False,CPI_full,0.016603500868332805,0.6490189976708766,0.0035559515448515496,0.6490189976708766,False,False
rs7138803,4.24769244253343,103.251821019771,False,True,CPI_full,0.021285251000502194,-0.5671938994913083,0.003498289522159293,0.5671938994913083,False,False
rs2033732,2.22382116907104,30.0930612244898,False,True,CPI_full,0.006469081208625278,-1.029336846100968,0.0034494214406823004,1.029336846100968,False,False
rs1105797,51.2673247668501,1.05332409972299,True,False,CPI_full,0.02555920763858371,-0.48887132715624193,0.0031343758071017422,0.48887132715624193,False,False
rs1421085,30.026862578871,687.792924037461,True,True,CPI_full,0.14623796489047763,-0.16839258432954118,0.0024285062438467227,0.16839258432954118,False,False
rs10968576,2.92597133026376,56.9338842975207,False,True,CPI_full,0.01249410244904392,-0.6188443107923033,0.002422691828684167,0.6188443107923033,False,False
rs13083375,205.467443375275,26.7693761814745,True,False,CPI_full,0.08331492444544418,-0.22893003226137726,0.0023816513608168237,0.22893003226137726,False,False
rs11781222,30.0770087690227,8.62109551833409,True,False,CPI_full,0.012278918415414146,0.609815750891792,0.0023114955937635837,0.609815750891792,False,False
rs3888190,41.7810234666054,99.3558792924038,True,True,CPI_full,0.02910363484173457,0.377260573162431,0.0021331785220797053,0.377260573162431,False,False
rs1928295,2.13391549275381,36.7783558792924,False,True,CPI_full,0.008028388338750728,-0.6900275226192896,0.001926779243056918,0.6900275226192896,False,False
rs1167800,3.57930662864154,34.9173553719008,False,True,CPI_full,0.008751685358338528,0.657267529769259,0.0019070566475406303,0.657267529769259,False,False
rs10841520,88.4298411353376,0.523313716613852,True,False,CPI_full,0.03807821510274602,0.3095227600422861,0.0018962343326106397,0.3095227600422861,False,False
rs10501845,35.3027783181642,0.17585848074922,True,False,CPI_full,0.016355580508557035,-0.45157103036530527,0.0016953133454312127,0.45157103036530527,False,False
rs2112347,1.94043069476099,70.8855359001041,False,True,CPI_full,0.0145285282724419,0.4688824830479888,0.0016205990771179458,0.4688824830479888,False,False
rs1016287,0.981190851401583,45.3641868512111,False,True,CPI_full,0.010247105712529658,-0.5483744120555576,0.001556678058488087,0.5483744120555576,False,False
rs11165643,2.52854373606185,49.4526534859521,False,True,CPI_full,0.01056598527253848,-0.5279160827743022,0.0014880686064996517,0.5279160827743022,False,False
rs3736485,0.55431780848655,32.2330905306972,False,True,CPI_full,0.007127886432195815,0.6087501990237396,0.0013301961768319786,0.6087501990237396,False,False
rs1150752,39.1458450385102,3.93133174791914,True,False,CPI_full,0.015834727986861908,0.3785174291899123,0.0011526151910804675,0.3785174291899123,False,False
rs9926784,6.97392948786256,39.8100907029478,False,True,CPI_full,0.010234891467306535,0.45174724533105126,0.0010551449680206335,0.45174724533105126,False,False
rs12626122,30.8155129515101,12.5702479338843,True,False,CPI_full,0.02536009191781844,0.2781343450769049,0.0010064353404615864,0.2781343450769049,False,False
rs3744311,31.0827971055474,1.77777777777778,True,False,CPI_full,0.012886381999363658,-0.3630781014235194,0.00086046651378827,0.3630781014235194,False,False
rs1412956,42.9982967549066,9.64265927977839,True,False,CPI_full,0.017920526326103216,0.30456037832430405,0.0008462933682504314,0.30456037832430405,False,False
rs7899106,0.985505830936254,30.9512001586987,False,True,CPI_full,0.006836557874594592,0.4946718014941226,0.0008422113360507097,0.4946718014941226,False,False
rs11678046,49.0741995909822,0.9025,True,False,CPI_full,0.02109447123664155,-0.2580442534247449,0.0007174410965990551,0.2580442534247449,False,False
rs2588785,0.16022536090169,44.5752595155709,False,True,CPI_full,0.009905177186838749,0.3438730915339947,0.000591496051259363,0.3438730915339947,False,False
rs17094222,0.188349622811508,42.9369806094183,False,True,CPI_full,0.010018764161970159,-0.33799274576621463,0.000578058715345869,0.33799274576621463,False,False
rs6738097,40.2660721474742,2.00249199003204,True,False,CPI_full,0.016561644053538917,-0.2612413619281899,0.0005746589653656764,0.2612413619281899,False,False
rs2121279,2.30631196518539,31.0046487603306,False,True,CPI_full,0.00606904023794777,-0.4265644603228058,0.0005555244019117215,0.4265644603228058,False,False
rs11625865,29.8564629435659,0.544784580498866,True,False,CPI_full,0.012611384690640853,-0.2890388159709777,0.0005335277355787542,0.2890388159709777,False,False
rs10840100,2.74085501607525,45.4536940686785,False,True,CPI_full,0.009119106276481749,-0.33165148361289987,0.0005061330717538383,0.33165148361289987,False,False
rs1528435,1.85236418651312,32.9698231009365,False,True,CPI_full,0.006864837480597281,0.3517407119105084,0.00042759949374243254,0.3517407119105084,False,False
rs12429545,0.603473499343953,50.5006790402897,False,True,CPI_full,0.011497634921617884,-0.26184016973763724,0.00039872489638865404,0.26184016973763724,False,False
rs17757020,38.2787521436013,1.44890260631001,True,False,CPI_full,0.01632038139375969,0.21300576209298738,0.00037638242718448725,0.21300576209298738,False,False
rs7903146,1.5531802421741,47.3667820069204,False,True,CPI_full,0.014008378924694467,-0.22763727334588205,0.00036810474081854123,0.22763727334588205,False,False
rs4740619,5.78321257453898,33.3413111342352,False,True,CPI_full,0.007820302030644877,-0.29553431312555706,0.00034420646146515803,0.29553431312555706,False,False
rs4715210,3.22306792049895,123.21,False,True,CPI_full,0.02550972267200146,-0.15656046246821279,0.00032082072961935883,0.15656046246821279,False,False
rs3800229,0.170351996932689,30.7520661157025,False,True,CPI_full,0.006530119055513825,-0.3022024294486979,0.0003001458212075141,0.3022024294486979,False,False
rs1000940,0.0646083865225687,31.8892733564014,False,True,CPI_full,0.008258328050672717,-0.266106950237775,0.00029483294339376683,0.266106950237775,False,False
rs13191362,0.52180786889289,33.3025173611111,False,True,CPI_full,0.00784882187219841,-0.26726706411392875,0.0002825449249338509,0.26726706411392875,False,False
rs13098327,0.972462658281119,57.215647600263,False,True,CPI_full,0.01617828018186878,0.13808725935303934,0.00015678090637875525,0.13808725935303934,False,False
rs17055814,92.6963056054524,1.84183673469388,True,False,CPI_full,0.03924447694741279,0.08761007485160222,0.00015676307091217162,0.08761007485160222,False,False
rs4234589,5.27698891997524,94.4276937618148,False,True,CPI_full,0.021513753922934916,-0.10931907935671738,0.00013137823009665687,0.10931907935671738,False,False
rs6656785,0.0522427992398926,49.0,False,True,CPI_full,0.01181677653146152,0.12363872005121199,9.139881210542292e-05,0.12363872005121199,False,False
rs10182181,4.03328426420197,98.0738813735692,False,True,CPI_full,0.021759935784359242,-0.08169694678514668,7.423245446255367e-05,0.08169694678514668,False,False
rs4771122,2.86314205956217,35.4801512287335,False,True,CPI_full,0.012302555512668362,0.10019176567591351,6.251805641784778e-05,0.10019176567591351,False,False
rs2903940,44.1322727191116,13.0530697190427,True,False,CPI_full,0.028009861563079233,0.061136167157986414,5.385369712964604e-05,0.061136167157986414,False,False
rs1671064,35.5030271930145,1.11102994886779,True,False,CPI_full,0.014799921464767586,-0.07963477141950619,4.7633276184192645e-05,0.07963477141950619,False,False
rs11057405,1.66492122356893,31.156694214876,False,True,CPI_full,0.008176574476584464,-0.0708708278928111,2.0703418062598118e-05,0.0708708278928111,False,False
rs8097783,0.000984157815754,44.0011111111111,False,True,CPI_full,0.010925390639109711,-0.0035459512089399416,6.944539243852946e-08,0.0035459512089399416,False,False
rs731839,351.438465575881,4.37190082644628,True,False,CPI_no_imaging,0.15368332167907756,1.300178589692523,0.15348638722523983,1.300178589692523,True,False
rs2867110,10.7862338512261,223.5025,False,True,CPI_no_imaging,0.04711809823257089,-1.8868638388191254,0.08802373694082861,1.8868638388191254,True,False
rs749170,179.442713708743,1.96,True,False,CPI_no_imaging,0.0767996570158667,-1.3256668354704904,0.07309743046213928,1.3256668354704904,True,False
rs543874,2.1996051605625,152.744247205786,False,True,CPI_no_imaging,0.03618514346121759,-1.64129567487432,0.050568530902480924,1.64129567487432,True,False
rs11822234,39.923688674625,3.4909972299169,True,False,CPI_no_imaging,0.016313994783274856,2.271157108441951,0.04277284975724179,2.271157108441951,False,False
rs16930370,57.8084313787121,0.041649312786339,True,False,CPI_no_imaging,0.026381682657175734,1.7379394015154352,0.04092163893149079,1.7379394015154352,False,False
rs13107325,26.0412877194054,49.206098615917,False,True,CPI_no_imaging,0.01946258857283374,1.8597051797129147,0.034323742827383444,1.8597051797129147,False,False
rs11727676,1.45534126133267,31.2900390625,False,True,CPI_no_imaging,0.013757631042565504,2.1445343224750717,0.03207716730926729,2.1445343224750717,False,False
rs205262,0.262694558652068,39.8702040816327,False,True,CPI_no_imaging,0.009123982735196205,2.495990701635718,0.028682768541426616,2.495990701635718,False,False
rs571312,5.21240544020345,235.963734567901,False,True,CPI_no_imaging,0.05163574633031486,-1.0230266266648218,0.028491752414259938,1.0230266266648218,False,False
rs657452,2.80074168482018,53.6201873048907,False,True,CPI_no_imaging,0.011160181705536027,2.2240568293346423,0.027913036549607487,2.2240568293346423,False,False
rs1421085,30.026862578871,687.792924037461,True,True,CPI_no_imaging,0.14648814164559554,-0.5502285229249244,0.025980596257775004,0.5502285229249244,False,False
rs3817334,0.000218993798409,71.429760665973,False,True,CPI_no_imaging,0.01696364789900216,-1.6636014356926208,0.02387911619510472,1.6636014356926208,False,False
rs1808579,1.07755723029916,29.0208116545265,False,True,CPI_no_imaging,0.006383083973909027,-2.716005117109383,0.02369423837317937,2.716005117109383,False,False
rs1075403,54.7998188800528,0.25,True,False,CPI_no_imaging,0.024180063731479323,1.3628908225982728,0.02301335268157558,1.3628908225982728,False,False
rs10132280,0.157297569614122,45.7612456747405,False,True,CPI_no_imaging,0.011653836558836483,-1.7526472563579516,0.018110017967656107,1.7526472563579516,False,False
rs10841520,88.4298411353376,0.523313716613852,True,False,CPI_no_imaging,0.03803285318010002,0.9127429853242559,0.016468941198740716,0.9127429853242559,False,False
rs737250,52.4131104108209,1.09518658734451,True,False,CPI_no_imaging,0.021927762780549916,1.208058019013557,0.01635946067328294,1.208058019013557,False,False
rs7138803,4.24769244253343,103.251821019771,False,True,CPI_no_imaging,0.02120940974669121,-1.2167727887225785,0.01604086481437681,1.2167727887225785,False,False
rs11030104,0.0004854302450644,118.695290858726,False,True,CPI_no_imaging,0.028455268103391548,-1.0291453767050904,0.015510412203652771,1.0291453767050904,False,False
rs1260326,35.6973141926503,15.015625,True,False,CPI_no_imaging,0.024804056794518095,-1.0356890416581526,0.01364142054237754,1.0356890416581526,False,False
rs2241423,4.88306310733862,70.1972242512783,False,True,CPI_no_imaging,0.01554412341411796,-1.294946843967991,0.013238655082908035,1.294946843967991,False,False
rs2820292,12.8307069923983,39.5681581685744,False,True,CPI_no_imaging,0.010663813003022654,1.5047292589115504,0.012202683919702174,1.5047292589115504,False,False
rs11672660,1.04376531979089,74.390625,False,True,CPI_no_imaging,0.01768340693237948,-1.1575289368803137,0.012060024183089279,1.1575289368803137,False,False
rs10938397,2.30824159430815,168.162330905307,False,True,CPI_no_imaging,0.0374461220893693,-0.7867860457204814,0.012041070599409476,0.7867860457204814,False,False
rs7098100,34.7675659318644,8.85425342058299,True,False,CPI_no_imaging,0.014496273723592999,1.1267686368710446,0.009337650500756472,1.1267686368710446,False,False
rs17724992,0.995530791119147,30.7232653061224,False,True,CPI_no_imaging,0.006774851807453552,-1.639443921575432,0.009166746656057096,1.639443921575432,False,False
rs6807940,39.6626599661389,7.06440443213296,True,False,CPI_no_imaging,0.0245911328624678,-0.8469984725227119,0.009043303274892023,0.8469984725227119,False,False
rs29941,1.5688250076767,30.4168962350781,False,True,CPI_no_imaging,0.006696488637262125,1.6253337769417946,0.008904720478338776,1.6253337769417946,False,False
rs7599312,0.145564012618671,41.8685121107266,False,True,CPI_no_imaging,0.008929386209436516,1.3660773472056698,0.008406933111967618,1.3660773472056698,False,False
rs17001654,8.3842690054556,33.3342826628693,False,True,CPI_no_imaging,0.01121894383276416,-1.1988645958791415,0.008153838606272864,1.1988645958791415,False,False
rs6477694,0.357353710325347,31.5046826222685,False,True,CPI_no_imaging,0.007795698980691913,1.358032058823769,0.007245093673522361,1.358032058823769,False,False
rs3777866,95.6469080776137,0.0214158239143366,True,False,CPI_no_imaging,0.042834819663832034,-0.5460624699754594,0.006672133295532799,0.5460624699754594,False,False
rs10968576,2.92597133026376,56.9338842975207,False,True,CPI_no_imaging,0.012517893860176463,-1.015846961039314,0.006540765905146559,1.015846961039314,False,False
rs905938,34.4609455227652,14.9371804236669,True,False,CPI_no_imaging,0.024860834635773967,-0.7057276584290532,0.006348825436567014,0.7057276584290532,False,False
rs13098327,0.972462658281119,57.215647600263,False,True,CPI_no_imaging,0.016187443883537742,0.8535876908346364,0.0059942134883944915,0.8535876908346364,False,False
rs17055814,92.6963056054524,1.84183673469388,True,False,CPI_no_imaging,0.03926300042882375,0.5188916868066084,0.005501769589521161,0.5188916868066084,False,False
rs2033732,2.22382116907104,30.0930612244898,False,True,CPI_no_imaging,0.006480929604470074,-1.1707506972532122,0.004470539649475182,1.1707506972532122,False,False
rs9304665,0.309523967415204,32.0253099173554,False,True,CPI_no_imaging,0.010608359245422814,0.9108004723490446,0.004447300551578316,0.9108004723490446,False,False
rs6656785,0.0522427992398926,49.0,False,True,CPI_no_imaging,0.011824465291790792,0.8368184292195885,0.004189670703153695,0.8368184292195885,False,False
rs4234589,5.27698891997524,94.4276937618148,False,True,CPI_no_imaging,0.02149903084301534,-0.6108824394450822,0.0040996134465524255,0.6108824394450822,False,False
rs3101336,2.91755211382246,116.083246618106,False,True,CPI_no_imaging,0.024939777446300077,0.5542465979151873,0.003928594553297277,0.5542465979151873,False,False
rs10501845,35.3027783181642,0.17585848074922,True,False,CPI_no_imaging,0.01633196190053667,-0.6651475406126146,0.0036727873286075395,0.6651475406126146,False,False
rs2337143,36.7128531541706,0.0958049886621315,True,False,CPI_no_imaging,0.017066239476099355,0.617118329026289,0.0033061342067854664,0.617118329026289,False,False
rs879620,4.80396921354466,37.21,False,True,CPI_no_imaging,0.012973180303163299,-0.6867636153875741,0.0030995743713339067,0.6867636153875741,False,False
rs11655984,36.3716124923138,0.0010405827263267,True,False,CPI_no_imaging,0.0166190400825552,0.5984431571206954,0.0030262162233260534,0.5984431571206954,False,False
rs2588785,0.16022536090169,44.5752595155709,False,True,CPI_no_imaging,0.009906234987635277,0.7188747481218482,0.0025852869940066934,0.7188747481218482,False,False
rs11010551,129.171779407068,5.24168975069252,True,False,CPI_no_imaging,0.05356871983444013,0.29978022049512654,0.0025433031903572775,0.29978022049512654,False,False
rs2176598,6.06095924637462,30.25,False,True,CPI_no_imaging,0.007303620825509081,-0.8275658722102002,0.0025193988687624183,0.8275658722102002,False,False
rs3736485,0.55431780848655,32.2330905306972,False,True,CPI_no_imaging,0.007137239759881851,0.8335803683453011,0.0024975030357974014,0.8335803683453011,False,False
rs1150752,39.1458450385102,3.93133174791914,True,False,CPI_no_imaging,0.0157750970139911,0.5519919807875576,0.002441817661150378,0.5519919807875576,False,False
rs2138157,50.0396680628506,17.2744140625,True,False,CPI_no_imaging,0.020728301582220252,-0.47812578264413114,0.0024194399447222334,0.47812578264413114,False,False
rs6804842,4.57611868136887,35.6139438085328,False,True,CPI_no_imaging,0.007930860500788143,0.7677157479805811,0.002355858889755414,0.7677157479805811,False,False
rs12986742,0.205355788730513,32.8298027757487,False,True,CPI_no_imaging,0.01057790627899119,-0.661590342926354,0.0023397336970617287,0.661590342926354,False,False
rs9926784,6.97392948786256,39.8100907029478,False,True,CPI_no_imaging,0.010265603657493889,0.6140664363585658,0.001955539326271383,0.6140664363585658,False,False
rs10182181,4.03328426420197,98.0738813735692,False,True,CPI_no_imaging,0.021775087770492144,0.4139363655036803,0.0019070336839407639,0.4139363655036803,False,False
rs2791553,96.7443048442843,1.34072022160665,True,False,CPI_no_imaging,0.0413499632274341,0.28810995812675305,0.0017902001014865852,0.28810995812675305,False,False
rs1105797,51.2673247668501,1.05332409972299,True,False,CPI_no_imaging,0.025636248106631142,-0.34356611975342044,0.0015528303519746888,0.34356611975342044,False,False
rs16851483,0.908634297037871,39.3471074380165,False,True,CPI_no_imaging,0.013498322264212088,0.44640680480025835,0.0013633695211376464,0.44640680480025835,False,False
rs11165643,2.52854373606185,49.4526534859521,False,True,CPI_no_imaging,0.010564958484451025,-0.4529385302220377,0.0010952898042679584,0.4529385302220377,False,False
rs11781222,30.0770087690227,8.62109551833409,True,False,CPI_no_imaging,0.012269541708145268,0.4041139769729742,0.001014302842312403,0.4041139769729742,False,False
rs6738097,40.2660721474742,2.00249199003204,True,False,CPI_no_imaging,0.016532622670939204,0.34329288000149966,0.0009905613804876328,0.34329288000149966,False,False
rs1928295,2.13391549275381,36.7783558792924,False,True,CPI_no_imaging,0.008005653620923028,-0.4777115595088032,0.0009208504477811445,0.4777115595088032,False,False
rs17757020,38.2787521436013,1.44890260631001,True,False,CPI_no_imaging,0.016320911919736045,0.31909769731226717,0.0008447113447203759,0.31909769731226717,False,False
rs1671064,35.5030271930145,1.11102994886779,True,False,CPI_no_imaging,0.014798183044861123,0.3328257788566013,0.0008319306199386453,0.3328257788566013,False,False
rs17094222,0.188349622811508,42.9369806094183,False,True,CPI_no_imaging,0.009993516143226262,-0.3723017772290187,0.0006995850216486218,0.3723017772290187,False,False
rs2112347,1.94043069476099,70.8855359001041,False,True,CPI_no_imaging,0.014514086922197663,0.30585814356248936,0.0006888892373297748,0.30585814356248936,False,False
rs10840100,2.74085501607525,45.4536940686785,False,True,CPI_no_imaging,0.00909582180510931,-0.3701492131706458,0.0006288310086897158,0.3701492131706458,False,False
rs8097783,0.000984157815754,44.0011111111111,False,True,CPI_no_imaging,0.010931168448093494,-0.3276807282245132,0.0005933512685090095,0.3276807282245132,False,False
rs12429545,0.603473499343953,50.5006790402897,False,True,CPI_no_imaging,0.011446943777127832,-0.31807224592276395,0.0005857484147185613,0.31807224592276395,False,False
rs7141420,2.80377015357354,57.4661810613944,False,True,CPI_no_imaging,0.01233329550503262,-0.2941421973777108,0.0005401985239642603,0.2941421973777108,False,False
rs2121279,2.30631196518539,31.0046487603306,False,True,CPI_no_imaging,0.006053689776339409,-0.414908238513342,0.0005242414507995538,0.414908238513342,False,False
rs3744311,31.0827971055474,1.77777777777778,True,False,CPI_no_imaging,0.01289206718994215,-0.27922971616657555,0.0005091563825491315,0.27922971616657555,False,False
rs4740619,5.78321257453898,33.3413111342352,False,True,CPI_no_imaging,0.007817637995892017,-0.3498929135429367,0.00048230787332457007,0.3498929135429367,False,False
rs12286929,0.963864660758766,49.0,False,True,CPI_no_imaging,0.011051424861903044,-0.2847554487636288,0.00045306306277706325,0.2847554487636288,False,False
rs1000940,0.0646083865225687,31.8892733564014,False,True,CPI_no_imaging,0.008241699045914003,-0.3086348881855707,0.0003957955859581939,0.3086348881855707,False,False
rs2903940,44.1322727191116,13.0530697190427,True,False,CPI_no_imaging,0.027907487056061175,0.15917851616582177,0.0003637073202178416,0.15917851616582177,False,False
rs7899106,0.985505830936254,30.9512001586987,False,True,CPI_no_imaging,0.006820141879631911,0.3120290210906357,0.00033429161822511267,0.3120290210906357,False,False
rs1528435,1.85236418651312,32.9698231009365,False,True,CPI_no_imaging,0.006851333500326741,0.28686972700404784,0.0002838574446474415,0.28686972700404784,False,False
rs4771122,2.86314205956217,35.4801512287335,False,True,CPI_no_imaging,0.012275562446608466,0.20399663328937304,0.00025859588239500036,0.20399663328937304,False,False
rs3888190,41.7810234666054,99.3558792924038,True,True,CPI_no_imaging,0.029117064149156314,0.12677429600208687,0.00024099783139357986,0.12677429600208687,False,False
rs1016287,0.981190851401583,45.3641868512111,False,True,CPI_no_imaging,0.01022637277440996,-0.21088096852563767,0.0002297367755898059,0.21088096852563767,False,False
rs11625865,29.8564629435659,0.544784580498866,True,False,CPI_no_imaging,0.012639127562024356,0.16729727005208558,0.00017913848500462895,0.16729727005208558,False,False
rs1167800,3.57930662864154,34.9173553719008,False,True,CPI_no_imaging,0.008745338979952258,0.17297557453595755,0.00013198694398980004,0.17297557453595755,False,False
rs4715210,3.22306792049895,123.21,False,True,CPI_no_imaging,0.025485927343801305,0.09268748854520191,0.0001123374494815294,0.09268748854520191,False,False
rs11057405,1.66492122356893,31.156694214876,False,True,CPI_no_imaging,0.008175725853042092,0.14098426675896095,8.192244236016425e-05,0.14098426675896095,False,False
rs1412956,42.9982967549066,9.64265927977839,True,False,CPI_no_imaging,0.017967302439513638,-0.08716736414300144,6.950799503925016e-05,0.08716736414300144,False,False
rs3800229,0.170351996932689,30.7520661157025,False,True,CPI_no_imaging,0.006487371295241599,0.09758314169750854,3.1089587485774993e-05,0.09758314169750854,False,False
rs12626122,30.8155129515101,12.5702479338843,True,False,CPI_no_imaging,0.025378961207644074,0.048740020138038055,3.092996814474483e-05,0.048740020138038055,False,False
rs13191362,0.52180786889289,33.3025173611111,False,True,CPI_no_imaging,0.007843104283945097,-0.05559978182771725,1.2218666566056371e-05,0.05559978182771725,False,False
rs7903146,1.5531802421741,47.3667820069204,False,True,CPI_no_imaging,0.01401468470604017,-0.02840727607889802,5.735114240490374e-06,0.02840727607889802,False,False
rs11678046,49.0741995909822,0.9025,True,False,CPI_no_imaging,0.02117790418803982,-0.006893319805492642,5.140508407997834e-07,0.006893319805492642,False,False
rs13083375,205.467443375275,26.7693761814745,True,False,CPI_no_imaging,0.08300279081724832,0.002649825966470638,3.1778206916450006e-07,0.002649825966470638,False,False
