SNP,tool_group,strength_group,outcome
rs1421085,both_GWS,both_F_ge_10,CPI_full
rs731839,TMFI_only_GWS,TMFI_F_ge_10_only,CPI_full
rs571312,BMI_only_GWS,BMI_F_ge_10_only,CPI_full
rs2867110,BMI_only_GWS,both_F_ge_10,CPI_full
rs13083375,TMFI_only_GWS,both_F_ge_10,CPI_full
rs749170,TMFI_only_GWS,TMFI_F_ge_10_only,CPI_full
rs10938397,BMI_only_GWS,BMI_F_ge_10_only,CPI_full
rs543874,BMI_only_GWS,BMI_F_ge_10_only,CPI_full
rs11010551,TMFI_only_GWS,TMFI_F_ge_10_only,CPI_full
rs4715210,BMI_only_GWS,BMI_F_ge_10_only,CPI_full
rs11030104,BMI_only_GWS,BMI_F_ge_10_only,CPI_full
rs3101336,BMI_only_GWS,BMI_F_ge_10_only,CPI_full
rs7138803,BMI_only_GWS,BMI_F_ge_10_only,CPI_full
rs10182181,BMI_only_GWS,BMI_F_ge_10_only,CPI_full
rs3888190,both_GWS,both_F_ge_10,CPI_full
rs2791553,TMFI_only_GWS,TMFI_F_ge_10_only,CPI_full
rs3777866,TMFI_only_GWS,TMFI_F_ge_10_only,CPI_full
rs4234589,BMI_only_GWS,BMI_F_ge_10_only,CPI_full
rs17055814,TMFI_only_GWS,TMFI_F_ge_10_only,CPI_full
rs10841520,TMFI_only_GWS,TMFI_F_ge_10_only,CPI_full
rs11672660,BMI_only_GWS,BMI_F_ge_10_only,CPI_full
rs2241423,BMI_only_GWS,BMI_F_ge_10_only,CPI_full
rs3817334,BMI_only_GWS,BMI_F_ge_10_only,CPI_full
rs2112347,BMI_only_GWS,BMI_F_ge_10_only,CPI_full
rs7141420,BMI_only_GWS,BMI_F_ge_10_only,CPI_full
rs13098327,BMI_only_GWS,BMI_F_ge_10_only,CPI_full
rs16930370,TMFI_only_GWS,TMFI_F_ge_10_only,CPI_full
rs10968576,BMI_only_GWS,BMI_F_ge_10_only,CPI_full
rs1075403,TMFI_only_GWS,TMFI_F_ge_10_only,CPI_full
rs737250,TMFI_only_GWS,TMFI_F_ge_10_only,CPI_full
rs657452,BMI_only_GWS,BMI_F_ge_10_only,CPI_full
rs1105797,TMFI_only_GWS,TMFI_F_ge_10_only,CPI_full
rs12429545,BMI_only_GWS,BMI_F_ge_10_only,CPI_full
rs12286929,BMI_only_GWS,BMI_F_ge_10_only,CPI_full
rs2138157,TMFI_only_GWS,both_F_ge_10,CPI_full
rs13107325,BMI_only_GWS,both_F_ge_10,CPI_full
rs11165643,BMI_only_GWS,BMI_F_ge_10_only,CPI_full
rs11678046,TMFI_only_GWS,TMFI_F_ge_10_only,CPI_full
rs6656785,BMI_only_GWS,BMI_F_ge_10_only,CPI_full
rs7903146,BMI_only_GWS,BMI_F_ge_10_only,CPI_full
rs10132280,BMI_only_GWS,BMI_F_ge_10_only,CPI_full
rs1016287,BMI_only_GWS,BMI_F_ge_10_only,CPI_full
rs10840100,BMI_only_GWS,BMI_F_ge_10_only,CPI_full
rs2903940,TMFI_only_GWS,both_F_ge_10,CPI_full
rs8097783,BMI_only_GWS,BMI_F_ge_10_only,CPI_full
rs2588785,BMI_only_GWS,BMI_F_ge_10_only,CPI_full
rs1412956,TMFI_only_GWS,TMFI_F_ge_10_only,CPI_full
rs17094222,BMI_only_GWS,BMI_F_ge_10_only,CPI_full
rs7599312,BMI_only_GWS,BMI_F_ge_10_only,CPI_full
rs205262,BMI_only_GWS,BMI_F_ge_10_only,CPI_full
rs2820292,BMI_only_GWS,both_F_ge_10,CPI_full
rs9926784,BMI_only_GWS,BMI_F_ge_10_only,CPI_full
rs6738097,TMFI_only_GWS,TMFI_F_ge_10_only,CPI_full
rs11822234,TMFI_only_GWS,TMFI_F_ge_10_only,CPI_full
rs6807940,TMFI_only_GWS,TMFI_F_ge_10_only,CPI_full
rs16851483,BMI_only_GWS,BMI_F_ge_10_only,CPI_full
rs1150752,TMFI_only_GWS,TMFI_F_ge_10_only,CPI_full
rs17757020,TMFI_only_GWS,TMFI_F_ge_10_only,CPI_full
rs1928295,BMI_only_GWS,BMI_F_ge_10_only,CPI_full
rs879620,BMI_only_GWS,BMI_F_ge_10_only,CPI_full
rs2337143,TMFI_only_GWS,TMFI_F_ge_10_only,CPI_full
rs11655984,TMFI_only_GWS,TMFI_F_ge_10_only,CPI_full
rs1260326,TMFI_only_GWS,both_F_ge_10,CPI_full
rs6804842,BMI_only_GWS,BMI_F_ge_10_only,CPI_full
rs1671064,TMFI_only_GWS,TMFI_F_ge_10_only,CPI_full
rs4771122,BMI_only_GWS,BMI_F_ge_10_only,CPI_full
rs10501845,TMFI_only_GWS,TMFI_F_ge_10_only,CPI_full
rs1167800,BMI_only_GWS,BMI_F_ge_10_only,CPI_full
rs7098100,TMFI_only_GWS,TMFI_F_ge_10_only,CPI_full
rs905938,TMFI_only_GWS,both_F_ge_10,CPI_full
rs4740619,BMI_only_GWS,BMI_F_ge_10_only,CPI_full
rs13191362,BMI_only_GWS,BMI_F_ge_10_only,CPI_full
rs3736485,BMI_only_GWS,BMI_F_ge_10_only,CPI_full
rs17001654,BMI_only_GWS,BMI_F_ge_10_only,CPI_full
rs12986742,BMI_only_GWS,BMI_F_ge_10_only,CPI_full
rs1528435,BMI_only_GWS,BMI_F_ge_10_only,CPI_full
rs1000940,BMI_only_GWS,BMI_F_ge_10_only,CPI_full
rs9304665,BMI_only_GWS,BMI_F_ge_10_only,CPI_full
rs11057405,BMI_only_GWS,BMI_F_ge_10_only,CPI_full
rs2121279,BMI_only_GWS,BMI_F_ge_10_only,CPI_full
rs29941,BMI_only_GWS,BMI_F_ge_10_only,CPI_full
rs3744311,TMFI_only_GWS,TMFI_F_ge_10_only,CPI_full
rs11727676,BMI_only_GWS,BMI_F_ge_10_only,CPI_full
rs6477694,BMI_only_GWS,BMI_F_ge_10_only,CPI_full
rs12626122,TMFI_only_GWS,both_F_ge_10,CPI_full
rs7899106,BMI_only_GWS,BMI_F_ge_10_only,CPI_full
rs2176598,BMI_only_GWS,BMI_F_ge_10_only,CPI_full
rs17724992,BMI_only_GWS,BMI_F_ge_10_only,CPI_full
rs3800229,BMI_only_GWS,BMI_F_ge_10_only,CPI_full
rs11781222,TMFI_only_GWS,TMFI_F_ge_10_only,CPI_full
rs1808579,BMI_only_GWS,BMI_F_ge_10_only,CPI_full
rs11625865,TMFI_only_GWS,TMFI_F_ge_10_only,CPI_full
rs2033732,BMI_only_GWS,BMI_F_ge_10_only,CPI_full
rs1421085,both_GWS,both_F_ge_10,CPI_no_imaging
rs731839,TMFI_only_GWS,TMFI_F_ge_10_only,CPI_no_imaging
rs571312,BMI_only_GWS,BMI_F_ge_10_only,CPI_no_imaging
rs2867110,BMI_only_GWS,both_F_ge_10,CPI_no_imaging
rs13083375,TMFI_only_GWS,both_F_ge_10,CPI_no_imaging
rs749170,TMFI_only_GWS,TMFI_F_ge_10_only,CPI_no_imaging
rs10938397,BMI_only_GWS,BMI_F_ge_10_only,CPI_no_imaging
rs543874,BMI_only_GWS,BMI_F_ge_10_only,CPI_no_imaging
rs11010551,TMFI_only_GWS,TMFI_F_ge_10_only,CPI_no_imaging
rs4715210,BMI_only_GWS,BMI_F_ge_10_only,CPI_no_imaging
rs11030104,BMI_only_GWS,BMI_F_ge_10_only,CPI_no_imaging
rs3101336,BMI_only_GWS,BMI_F_ge_10_only,CPI_no_imaging
rs7138803,BMI_only_GWS,BMI_F_ge_10_only,CPI_no_imaging
rs10182181,BMI_only_GWS,BMI_F_ge_10_only,CPI_no_imaging
rs3888190,both_GWS,both_F_ge_10,CPI_no_imaging
rs2791553,TMFI_only_GWS,TMFI_F_ge_10_only,CPI_no_imaging
rs3777866,TMFI_only_GWS,TMFI_F_ge_10_only,CPI_no_imaging
rs4234589,BMI_only_GWS,BMI_F_ge_10_only,CPI_no_imaging
rs17055814,TMFI_only_GWS,TMFI_F_ge_10_only,CPI_no_imaging
rs10841520,TMFI_only_GWS,TMFI_F_ge_10_only,CPI_no_imaging
rs11672660,BMI_only_GWS,BMI_F_ge_10_only,CPI_no_imaging
rs2241423,BMI_only_GWS,BMI_F_ge_10_only,CPI_no_imaging
rs3817334,BMI_only_GWS,BMI_F_ge_10_only,CPI_no_imaging
rs2112347,BMI_only_GWS,BMI_F_ge_10_only,CPI_no_imaging
rs7141420,BMI_only_GWS,BMI_F_ge_10_only,CPI_no_imaging
rs13098327,BMI_only_GWS,BMI_F_ge_10_only,CPI_no_imaging
rs16930370,TMFI_only_GWS,TMFI_F_ge_10_only,CPI_no_imaging
rs10968576,BMI_only_GWS,BMI_F_ge_10_only,CPI_no_imaging
rs1075403,TMFI_only_GWS,TMFI_F_ge_10_only,CPI_no_imaging
rs737250,TMFI_only_GWS,TMFI_F_ge_10_only,CPI_no_imaging
rs657452,BMI_only_GWS,BMI_F_ge_10_only,CPI_no_imaging
rs1105797,TMFI_only_GWS,TMFI_F_ge_10_only,CPI_no_imaging
rs12429545,BMI_only_GWS,BMI_F_ge_10_only,CPI_no_imaging
rs12286929,BMI_only_GWS,BMI_F_ge_10_only,CPI_no_imaging
rs2138157,TMFI_only_GWS,both_F_ge_10,CPI_no_imaging
rs13107325,BMI_only_GWS,both_F_ge_10,CPI_no_imaging
rs11165643,BMI_only_GWS,BMI_F_ge_10_only,CPI_no_imaging
rs11678046,TMFI_only_GWS,TMFI_F_ge_10_only,CPI_no_imaging
rs6656785,BMI_only_GWS,BMI_F_ge_10_only,CPI_no_imaging
rs7903146,BMI_only_GWS,BMI_F_ge_10_only,CPI_no_imaging
rs10132280,BMI_only_GWS,BMI_F_ge_10_only,CPI_no_imaging
rs1016287,BMI_only_GWS,BMI_F_ge_10_only,CPI_no_imaging
rs10840100,BMI_only_GWS,BMI_F_ge_10_only,CPI_no_imaging
rs2903940,TMFI_only_GWS,both_F_ge_10,CPI_no_imaging
rs8097783,BMI_only_GWS,BMI_F_ge_10_only,CPI_no_imaging
rs2588785,BMI_only_GWS,BMI_F_ge_10_only,CPI_no_imaging
rs1412956,TMFI_only_GWS,TMFI_F_ge_10_only,CPI_no_imaging
rs17094222,BMI_only_GWS,BMI_F_ge_10_only,CPI_no_imaging
rs7599312,BMI_only_GWS,BMI_F_ge_10_only,CPI_no_imaging
rs205262,BMI_only_GWS,BMI_F_ge_10_only,CPI_no_imaging
rs2820292,BMI_only_GWS,both_F_ge_10,CPI_no_imaging
rs9926784,BMI_only_GWS,BMI_F_ge_10_only,CPI_no_imaging
rs6738097,TMFI_only_GWS,TMFI_F_ge_10_only,CPI_no_imaging
rs11822234,TMFI_only_GWS,TMFI_F_ge_10_only,CPI_no_imaging
rs6807940,TMFI_only_GWS,TMFI_F_ge_10_only,CPI_no_imaging
rs16851483,BMI_only_GWS,BMI_F_ge_10_only,CPI_no_imaging
rs1150752,TMFI_only_GWS,TMFI_F_ge_10_only,CPI_no_imaging
rs17757020,TMFI_only_GWS,TMFI_F_ge_10_only,CPI_no_imaging
rs1928295,BMI_only_GWS,BMI_F_ge_10_only,CPI_no_imaging
rs879620,BMI_only_GWS,BMI_F_ge_10_only,CPI_no_imaging
rs2337143,TMFI_only_GWS,TMFI_F_ge_10_only,CPI_no_imaging
rs11655984,TMFI_only_GWS,TMFI_F_ge_10_only,CPI_no_imaging
rs1260326,TMFI_only_GWS,both_F_ge_10,CPI_no_imaging
rs6804842,BMI_only_GWS,BMI_F_ge_10_only,CPI_no_imaging
rs1671064,TMFI_only_GWS,TMFI_F_ge_10_only,CPI_no_imaging
rs4771122,BMI_only_GWS,BMI_F_ge_10_only,CPI_no_imaging
rs10501845,TMFI_only_GWS,TMFI_F_ge_10_only,CPI_no_imaging
rs1167800,BMI_only_GWS,BMI_F_ge_10_only,CPI_no_imaging
rs7098100,TMFI_only_GWS,TMFI_F_ge_10_only,CPI_no_imaging
rs905938,TMFI_only_GWS,both_F_ge_10,CPI_no_imaging
rs4740619,BMI_only_GWS,BMI_F_ge_10_only,CPI_no_imaging
rs13191362,BMI_only_GWS,BMI_F_ge_10_only,CPI_no_imaging
rs3736485,BMI_only_GWS,BMI_F_ge_10_only,CPI_no_imaging
rs17001654,BMI_only_GWS,BMI_F_ge_10_only,CPI_no_imaging
rs12986742,BMI_only_GWS,BMI_F_ge_10_only,CPI_no_imaging
rs1528435,BMI_only_GWS,BMI_F_ge_10_only,CPI_no_imaging
rs1000940,BMI_only_GWS,BMI_F_ge_10_only,CPI_no_imaging
rs9304665,BMI_only_GWS,BMI_F_ge_10_only,CPI_no_imaging
rs11057405,BMI_only_GWS,BMI_F_ge_10_only,CPI_no_imaging
rs2121279,BMI_only_GWS,BMI_F_ge_10_only,CPI_no_imaging
rs29941,BMI_only_GWS,BMI_F_ge_10_only,CPI_no_imaging
rs3744311,TMFI_only_GWS,TMFI_F_ge_10_only,CPI_no_imaging
rs11727676,BMI_only_GWS,BMI_F_ge_10_only,CPI_no_imaging
rs6477694,BMI_only_GWS,BMI_F_ge_10_only,CPI_no_imaging
rs12626122,TMFI_only_GWS,both_F_ge_10,CPI_no_imaging
rs7899106,BMI_only_GWS,BMI_F_ge_10_only,CPI_no_imaging
rs2176598,BMI_only_GWS,BMI_F_ge_10_only,CPI_no_imaging
rs17724992,BMI_only_GWS,BMI_F_ge_10_only,CPI_no_imaging
rs3800229,BMI_only_GWS,BMI_F_ge_10_only,CPI_no_imaging
rs11781222,TMFI_only_GWS,TMFI_F_ge_10_only,CPI_no_imaging
rs1808579,BMI_only_GWS,BMI_F_ge_10_only,CPI_no_imaging
rs11625865,TMFI_only_GWS,TMFI_F_ge_10_only,CPI_no_imaging
rs2033732,BMI_only_GWS,BMI_F_ge_10_only,CPI_no_imaging
